Fecha;Prof NF (m);Pprecip LM (mm)
05/02/2007;3.26;
06/02/2007;3.27;
07/02/2007;3.28;
08/02/2007;3.31;
09/02/2007;3.32;
10/02/2007;3.33;
11/02/2007;3.34;
12/02/2007;3.35;
13/02/2007;3.35;
14/02/2007;3.37;
15/02/2007;3.38;
16/02/2007;3.39;
17/02/2007;3.41;
18/02/2007;3.42;
19/02/2007;3.43;
20/02/2007;3.44;
21/02/2007;3.45;
22/02/2007;3.46;
23/02/2007;3.47;
24/02/2007;3.48;15
25/02/2007;3.48;12
26/02/2007;3.49;40
27/02/2007;3.51;
28/02/2007;3.52;
01/03/2007;3.54;22
02/03/2007;3.54;
03/03/2007;3.55;
04/03/2007;3.55;
05/03/2007;3.56;
06/03/2007;3.56;
07/03/2007;3.57;40
08/03/2007;3.57;
09/03/2007;3.57;
10/03/2007;3.56;
11/03/2007;3.55;
12/03/2007;3.54;
13/03/2007;3.54;
14/03/2007;3.54;
15/03/2007;3.53;
16/03/2007;3.53;
17/03/2007;3.53;
18/03/2007;3.54;
19/03/2007;3.54;
20/03/2007;3.54;
21/03/2007;3.55;
22/03/2007;3.56;16
23/03/2007;3.56;
24/03/2007;3.57;
25/03/2007;3.57;
26/03/2007;3.56;
27/03/2007;3.56;28
28/03/2007;3.55;
29/03/2007;3.54;
30/03/2007;3.52;10
31/03/2007;3.51;
01/04/2007;3.49;10
02/04/2007;3.48;
03/04/2007;3.47;
04/04/2007;3.46;
05/04/2007;3.45;
06/04/2007;3.44;
07/04/2007;3.44;
08/04/2007;3.44;
09/04/2007;3.44;
10/04/2007;3.43;8
11/04/2007;3.43;18
12/04/2007;3.43;
13/04/2007;3.42;
14/04/2007;3.42;
15/04/2007;3.42;
16/04/2007;3.42;
17/04/2007;3.42;
18/04/2007;3.42;
19/04/2007;3.41;
20/04/2007;3.42;10
21/04/2007;3.42;
22/04/2007;3.41;33
23/04/2007;3.41;
24/04/2007;3.39;
25/04/2007;3.36;
26/04/2007;3.34;
27/04/2007;3.31;
28/04/2007;3.3;
29/04/2007;3.28;
30/04/2007;3.27;
01/05/2007;3.26;7
02/05/2007;3.25;
03/05/2007;3.24;
04/05/2007;3.22;10
05/05/2007;3.2;
06/05/2007;3.16;
07/05/2007;3.12;
08/05/2007;3.08;
09/05/2007;3.06;
10/05/2007;3.04;
11/05/2007;3.02;
12/05/2007;3.01;
13/05/2007;3;
14/05/2007;2.99;
15/05/2007;2.98;
16/05/2007;2.97;
17/05/2007;2.96;
18/05/2007;2.96;
19/05/2007;2.96;
20/05/2007;2.95;
21/05/2007;2.95;
22/05/2007;2.95;
23/05/2007;2.95;
24/05/2007;2.96;
25/05/2007;2.95;
26/05/2007;2.95;
27/05/2007;2.96;
28/05/2007;2.96;
29/05/2007;2.96;
30/05/2007;2.97;
31/05/2007;2.96;
01/06/2007;2.95;
02/06/2007;2.96;
03/06/2007;2.96;
04/06/2007;2.97;
05/06/2007;2.97;
06/06/2007;2.97;
07/06/2007;2.98;
08/06/2007;2.98;
09/06/2007;2.98;
10/06/2007;2.98;
11/06/2007;2.99;
12/06/2007;2.99;
13/06/2007;2.99;
14/06/2007;3;
15/06/2007;3;5
16/06/2007;3;
17/06/2007;3;
18/06/2007;3.01;
19/06/2007;3.01;
20/06/2007;3;
21/06/2007;3.01;
22/06/2007;3.01;
23/06/2007;3;
24/06/2007;3.02;
25/06/2007;3.02;
26/06/2007;3.02;
27/06/2007;3.02;
28/06/2007;3.03;
29/06/2007;3.03;
30/06/2007;3.03;
01/07/2007;3.04;
02/07/2007;3.04;
03/07/2007;3.04;
04/07/2007;3.03;
05/07/2007;3.03;
06/07/2007;3.04;
07/07/2007;3.04;
08/07/2007;3.05;
09/07/2007;3.06;
10/07/2007;3.05;
11/07/2007;3.06;
12/07/2007;3.06;
13/07/2007;3.06;
14/07/2007;3.06;
15/07/2007;3.06;
16/07/2007;3.06;
17/07/2007;3.06;
18/07/2007;3.07;
19/07/2007;3.07;
20/07/2007;3.07;
21/07/2007;3.08;
22/07/2007;3.07;
23/07/2007;3.08;
24/07/2007;3.08;
25/07/2007;3.09;
26/07/2007;3.09;
27/07/2007;3.09;
28/07/2007;3.1;
29/07/2007;3.1;
30/07/2007;3.1;
31/07/2007;3.1;
01/08/2007;3.1;
02/08/2007;3.11;
03/08/2007;3.11;
04/08/2007;3.11;
05/08/2007;3.11;
06/08/2007;3.11;
07/08/2007;3.11;
08/08/2007;3.11;
09/08/2007;3.12;
10/08/2007;3.12;
11/08/2007;3.13;
12/08/2007;3.13;
13/08/2007;3.12;10
14/08/2007;3.12;
15/08/2007;3.13;
16/08/2007;3.14;
17/08/2007;3.14;
18/08/2007;3.14;
19/08/2007;3.14;
20/08/2007;3.14;
21/08/2007;3.14;
22/08/2007;3.14;
23/08/2007;3.13;
24/08/2007;3.14;
25/08/2007;3.15;
26/08/2007;3.14;
27/08/2007;3.14;
28/08/2007;3.14;
29/08/2007;3.15;
30/08/2007;3.16;
31/08/2007;3.15;
01/09/2007;3.15;
02/09/2007;3.16;
03/09/2007;3.16;
04/09/2007;3.15;
05/09/2007;3.16;
06/09/2007;3.17;
07/09/2007;3.17;
08/09/2007;3.17;8
09/09/2007;3.17;
10/09/2007;3.17;13
11/09/2007;3.17;15
12/09/2007;3.18;
13/09/2007;3.17;58
14/09/2007;3.16;37
15/09/2007;3.12;
16/09/2007;3.05;
17/09/2007;2.99;
18/09/2007;2.94;10
19/09/2007;2.9;
20/09/2007;2.87;
21/09/2007;2.85;
22/09/2007;2.83;2
23/09/2007;2.81;
24/09/2007;2.8;
25/09/2007;2.79;
26/09/2007;2.78;
27/09/2007;2.76;
28/09/2007;2.75;
29/09/2007;2.75;
30/09/2007;2.74;
01/10/2007;2.73;42
02/10/2007;2.73;7
03/10/2007;2.71;
04/10/2007;2.67;
05/10/2007;2.63;
06/10/2007;2.6;
07/10/2007;2.58;
08/10/2007;2.57;25
09/10/2007;2.55;
10/10/2007;2.53;
11/10/2007;2.5;
12/10/2007;2.46;7
13/10/2007;2.43;
14/10/2007;2.4;
15/10/2007;2.38;
16/10/2007;2.35;
17/10/2007;2.33;
18/10/2007;2.32;
19/10/2007;2.31;45
20/10/2007;2.3;
21/10/2007;2.3;
22/10/2007;2.3;
23/10/2007;2.3;
24/10/2007;2.29;
25/10/2007;2.28;20
26/10/2007;2.29;
27/10/2007;2.28;
28/10/2007;2.29;
29/10/2007;2.29;
30/10/2007;2.3;
31/10/2007;2.29;12
01/11/2007;2.3;
02/11/2007;2.3;
03/11/2007;2.3;
04/11/2007;2.32;
05/11/2007;2.32;
06/11/2007;2.33;
07/11/2007;2.33;
08/11/2007;2.34;
09/11/2007;2.34;1
10/11/2007;2.35;
11/11/2007;2.36;
12/11/2007;2.36;
13/11/2007;2.37;2
14/11/2007;2.38;
15/11/2007;2.4;
16/11/2007;2.39;
17/11/2007;2.4;
18/11/2007;2.41;
19/11/2007;2.42;
20/11/2007;2.44;
21/11/2007;2.45;
22/11/2007;2.46;16
23/11/2007;2.46;
24/11/2007;2.48;
25/11/2007;2.48;
26/11/2007;2.49;
27/11/2007;2.5;
28/11/2007;2.51;
29/11/2007;2.52;
30/11/2007;2.53;
01/12/2007;2.55;
02/12/2007;2.56;
03/12/2007;2.58;
04/12/2007;2.59;12
05/12/2007;2.61;
06/12/2007;2.61;
07/12/2007;2.62;
08/12/2007;2.63;
09/12/2007;2.66;
10/12/2007;2.67;20
11/12/2007;2.69;
12/12/2007;2.69;
13/12/2007;2.7;
14/12/2007;2.71;
15/12/2007;2.73;
16/12/2007;2.74;
17/12/2007;2.75;
18/12/2007;2.76;
19/12/2007;2.77;
20/12/2007;2.78;
21/12/2007;2.79;
22/12/2007;2.81;
23/12/2007;2.82;
24/12/2007;2.83;
25/12/2007;2.85;
26/12/2007;2.86;
27/12/2007;2.87;
28/12/2007;2.88;
29/12/2007;2.89;15
30/12/2007;2.9;
31/12/2007;2.91;
01/01/2008;2.92;0
02/01/2008;2.92;0
03/01/2008;2.93;0
04/01/2008;2.95;0
05/01/2008;2.95;0
06/01/2008;2.96;10
07/01/2008;2.97;0
08/01/2008;2.98;0
09/01/2008;2.99;0
10/01/2008;2.99;0
11/01/2008;3.01;0
12/01/2008;3.02;0
13/01/2008;3.03;0
14/01/2008;3.04;0
15/01/2008;3.05;0
16/01/2008;3.06;0
17/01/2008;3.08;0
18/01/2008;3.09;0
19/01/2008;3.1;0
20/01/2008;3.11;0
21/01/2008;3.12;0
22/01/2008;3.14;0
23/01/2008;3.15;0
24/01/2008;3.16;0
25/01/2008;3.17;0
26/01/2008;3.18;0
27/01/2008;3.2;0
28/01/2008;3.21;0
29/01/2008;3.22;8
30/01/2008;3.23;0
31/01/2008;3.24;0
01/02/2008;3.25;
02/02/2008;3.25;
03/02/2008;3.26;
04/02/2008;3.27;
05/02/2008;3.28;
06/02/2008;3.29;
07/02/2008;3.3;
08/02/2008;3.31;22
09/02/2008;3.32;5
10/02/2008;3.33;6
11/02/2008;3.34;
12/02/2008;3.34;
13/02/2008;3.35;
14/02/2008;3.36;
15/02/2008;3.36;
16/02/2008;3.37;20
17/02/2008;3.38;
18/02/2008;3.38;
19/02/2008;3.39;
20/02/2008;3.39;
21/02/2008;3.4;
22/02/2008;3.4;7
23/02/2008;3.41;
24/02/2008;3.42;
25/02/2008;3.42;
26/02/2008;3.42;
27/02/2008;3.43;
28/02/2008;3.43;8
29/02/2008;3.44;
01/03/2008;3.44;15
02/03/2008;3.44;30
03/03/2008;3.44;35
04/03/2008;3.41;10
05/03/2008;3.36;
06/03/2008;3.33;
07/03/2008;3.3;
08/03/2008;3.27;
09/03/2008;3.25;
10/03/2008;3.23;
11/03/2008;3.22;
12/03/2008;3.21;
13/03/2008;3.2;
14/03/2008;3.2;
15/03/2008;3.19;
16/03/2008;3.19;
17/03/2008;3.19;
18/03/2008;3.2;
19/03/2008;3.2;15
20/03/2008;3.2;
21/03/2008;3.21;15
22/03/2008;3.21;
23/03/2008;3.22;
24/03/2008;3.22;
25/03/2008;3.22;20
26/03/2008;3.22;
27/03/2008;3.21;
28/03/2008;3.21;
29/03/2008;3.2;
30/03/2008;3.2;
31/03/2008;3.19;
01/04/2008;3.19;4
02/04/2008;3.19;
03/04/2008;3.19;
04/04/2008;3.19;
05/04/2008;3.19;
06/04/2008;3.19;
07/04/2008;3.2;
08/04/2008;3.21;
09/04/2008;3.21;
10/04/2008;3.21;
11/04/2008;3.22;5
12/04/2008;3.23;
13/04/2008;3.23;
14/04/2008;3.24;
15/04/2008;3.25;
16/04/2008;3.25;
17/04/2008;3.26;
18/04/2008;3.27;
19/04/2008;3.28;
20/04/2008;3.29;
21/04/2008;3.3;
22/04/2008;3.31;
23/04/2008;3.32;
24/04/2008;3.32;
25/04/2008;3.33;
26/04/2008;3.34;
27/04/2008;3.35;
28/04/2008;3.36;
29/04/2008;3.36;
30/04/2008;3.37;
01/05/2008;3.38;
02/05/2008;3.39;
03/05/2008;3.4;
04/05/2008;3.4;
05/05/2008;3.41;
06/05/2008;3.41;
07/05/2008;3.42;
08/05/2008;3.43;
09/05/2008;3.44;
10/05/2008;3.44;
11/05/2008;3.45;
12/05/2008;3.45;
13/05/2008;3.46;
14/05/2008;3.46;
15/05/2008;3.47;
16/05/2008;3.47;
17/05/2008;3.48;50
18/05/2008;3.48;
19/05/2008;3.48;
20/05/2008;3.49;
21/05/2008;3.49;
22/05/2008;3.5;
23/05/2008;3.5;25
24/05/2008;3.51;
25/05/2008;3.51;
26/05/2008;3.51;
27/05/2008;3.51;3
28/05/2008;3.51;
29/05/2008;3.51;
30/05/2008;3.52;
31/05/2008;3.52;
01/06/2008;3.52;
02/06/2008;3.53;
03/06/2008;3.53;
04/06/2008;3.53;
05/06/2008;3.53;
06/06/2008;3.53;
07/06/2008;3.54;
08/06/2008;3.54;
09/06/2008;3.54;4
10/06/2008;3.54;
11/06/2008;3.54;
12/06/2008;3.55;
13/06/2008;3.55;
14/06/2008;3.55;
15/06/2008;3.55;
16/06/2008;3.56;
17/06/2008;3.56;
18/06/2008;3.56;
19/06/2008;3.57;28
20/06/2008;3.57;
21/06/2008;3.57;
22/06/2008;3.57;
23/06/2008;3.57;
24/06/2008;3.57;
25/06/2008;3.57;
26/06/2008;3.57;
27/06/2008;3.57;
28/06/2008;3.57;
29/06/2008;3.57;
30/06/2008;3.57;
01/07/2008;3.57;
02/07/2008;3.57;
03/07/2008;3.57;
04/07/2008;3.57;
05/07/2008;3.57;
06/07/2008;3.57;
07/07/2008;3.57;34
08/07/2008;3.57;
09/07/2008;3.57;
10/07/2008;3.57;
11/07/2008;3.56;5
12/07/2008;3.56;
13/07/2008;3.55;5
14/07/2008;3.55;
15/07/2008;3.55;
16/07/2008;3.54;
17/07/2008;3.54;
18/07/2008;3.54;
19/07/2008;3.54;
20/07/2008;3.54;
21/07/2008;3.54;8
22/07/2008;3.53;
23/07/2008;3.53;
24/07/2008;3.53;
25/07/2008;3.53;
26/07/2008;3.53;
27/07/2008;3.52;
28/07/2008;3.52;
29/07/2008;3.52;
30/07/2008;3.51;
31/07/2008;3.51;
01/08/2008;3.51;
02/08/2008;3.51;20
03/08/2008;3.51;
04/08/2008;3.51;20
05/08/2008;3.5;
06/08/2008;3.5;
07/08/2008;3.49;
08/08/2008;3.49;
09/08/2008;3.49;
10/08/2008;3.48;
11/08/2008;3.48;
12/08/2008;3.48;
13/08/2008;3.48;
14/08/2008;3.47;
15/08/2008;3.47;
16/08/2008;3.46;
17/08/2008;3.47;
18/08/2008;3.47;
19/08/2008;3.47;
20/08/2008;3.47;
21/08/2008;3.46;
22/08/2008;3.46;
23/08/2008;3.46;
24/08/2008;3.46;
25/08/2008;3.46;
26/08/2008;3.47;
27/08/2008;3.46;15
28/08/2008;3.47;
29/08/2008;3.46;
30/08/2008;3.46;
31/08/2008;3.46;
01/09/2008;3.46;
02/09/2008;3.46;
03/09/2008;3.47;
04/09/2008;3.48;
05/09/2008;3.48;
06/09/2008;3.48;
07/09/2008;3.48;
08/09/2008;3.48;
09/09/2008;3.48;
10/09/2008;3.48;
11/09/2008;3.48;
12/09/2008;3.48;
13/09/2008;3.49;
14/09/2008;3.49;
15/09/2008;3.49;
16/09/2008;3.49;
17/09/2008;3.49;
18/09/2008;3.5;
19/09/2008;3.5;
20/09/2008;3.5;
21/09/2008;3.5;
22/09/2008;3.51;
23/09/2008;3.51;
24/09/2008;3.51;
25/09/2008;3.51;
26/09/2008;3.52;
27/09/2008;3.52;
28/09/2008;3.52;18
29/09/2008;3.53;
30/09/2008;3.53;
01/10/2008;3.53;
02/10/2008;3.52;
03/10/2008;3.53;5
04/10/2008;3.53;
05/10/2008;3.53;
06/10/2008;3.53;
07/10/2008;3.54;
08/10/2008;3.54;
09/10/2008;3.54;
10/10/2008;3.54;
11/10/2008;3.54;10
12/10/2008;3.55;
13/10/2008;3.55;
14/10/2008;3.55;
15/10/2008;3.55;
16/10/2008;3.56;
17/10/2008;3.56;
18/10/2008;3.56;
19/10/2008;3.56;
20/10/2008;3.57;
21/10/2008;3.57;28
22/10/2008;3.57;
23/10/2008;3.58;
24/10/2008;3.57;
25/10/2008;3.57;
26/10/2008;3.58;
27/10/2008;3.58;
28/10/2008;3.58;25
29/10/2008;3.58;
30/10/2008;3.58;
31/10/2008;3.58;
01/11/2008;3.58;0
02/11/2008;3.58;0
03/11/2008;3.58;0
04/11/2008;3.58;0
05/11/2008;3.58;0
06/11/2008;3.59;0
07/11/2008;3.59;0
08/11/2008;3.59;0
09/11/2008;3.6;0
10/11/2008;3.6;0
11/11/2008;3.6;0
12/11/2008;3.61;0
13/11/2008;3.61;0
14/11/2008;3.61;0
15/11/2008;3.62;0
16/11/2008;3.63;0
17/11/2008;3.63;0
18/11/2008;3.64;0
19/11/2008;3.64;0
20/11/2008;3.65;0
21/11/2008;3.65;0
22/11/2008;3.66;0
23/11/2008;3.66;0
24/11/2008;3.67;0
25/11/2008;3.67;0
26/11/2008;3.68;20
27/11/2008;3.68;0
28/11/2008;3.69;40
29/11/2008;3.7;0
30/11/2008;3.7;0
01/12/2008;3.71;0
02/12/2008;3.72;0
03/12/2008;3.72;0
04/12/2008;3.73;0
05/12/2008;3.73;0
06/12/2008;3.74;0
07/12/2008;3.75;25
08/12/2008;3.75;0
09/12/2008;3.76;0
10/12/2008;3.77;0
11/12/2008;3.78;0
12/12/2008;3.79;0
13/12/2008;3.8;0
14/12/2008;3.8;0
15/12/2008;3.81;0
16/12/2008;3.82;0
17/12/2008;3.84;0
18/12/2008;3.85;0
19/12/2008;3.86;0
20/12/2008;3.87;0
21/12/2008;3.88;0
22/12/2008;3.9;0
23/12/2008;3.91;0
24/12/2008;3.92;0
25/12/2008;3.94;0
26/12/2008;3.95;0
27/12/2008;3.97;0
28/12/2008;3.98;0
29/12/2008;4;0
30/12/2008;4.01;0
31/12/2008;4.03;0
01/01/2009;4.04;0
02/01/2009;4.06;0
03/01/2009;4.08;0
04/01/2009;4.09;0
05/01/2009;4.11;0
06/01/2009;4.12;8
07/01/2009;4.14;0
08/01/2009;4.16;0
09/01/2009;4.17;0
10/01/2009;4.19;0
11/01/2009;4.2;0
12/01/2009;4.22;0
13/01/2009;4.23;0
14/01/2009;4.25;0
15/01/2009;4.27;16
16/01/2009;4.28;0
17/01/2009;4.29;0
18/01/2009;4.31;0
19/01/2009;4.32;0
20/01/2009;4.34;0
21/01/2009;4.35;0
22/01/2009;4.36;0
23/01/2009;4.38;0
24/01/2009;4.39;0
25/01/2009;4.4;8
26/01/2009;4.41;0
27/01/2009;4.43;0
28/01/2009;4.44;0
29/01/2009;4.45;0
30/01/2009;4.46;0
31/01/2009;4.47;0
01/02/2009;4.48;0
02/02/2009;4.49;0
03/02/2009;4.5;45
04/02/2009;4.52;0
05/02/2009;4.53;5
06/02/2009;4.54;0
07/02/2009;4.54;0
08/02/2009;4.55;0
09/02/2009;4.56;0
10/02/2009;4.57;14
11/02/2009;4.58;0
12/02/2009;4.58;0
13/02/2009;4.58;0
14/02/2009;4.58;0
15/02/2009;4.58;0
16/02/2009;4.58;0
17/02/2009;4.58;0
18/02/2009;4.58;0
19/02/2009;4.58;0
20/02/2009;4.57;10
21/02/2009;4.57;0
22/02/2009;4.57;1
23/02/2009;4.57;0
24/02/2009;4.57;0
25/02/2009;4.57;0
26/02/2009;4.57;0
27/02/2009;4.57;0
28/02/2009;4.57;0
01/03/2009;4.57;0
02/03/2009;4.57;80
03/03/2009;4.57;55
04/03/2009;4.57;0
05/03/2009;4.57;10
06/03/2009;4.57;0
07/03/2009;4.57;0
08/03/2009;4.57;0
09/03/2009;4.57;0
10/03/2009;4.57;0
11/03/2009;4.57;0
12/03/2009;4.57;0
13/03/2009;4.57;0
14/03/2009;4.57;0
15/03/2009;4.57;0
16/03/2009;4.57;0
17/03/2009;4.57;0
18/03/2009;4.57;0
19/03/2009;4.57;0
20/03/2009;4.57;0
21/03/2009;4.57;0
22/03/2009;4.57;40
23/03/2009;4.57;0
24/03/2009;4.57;0
25/03/2009;4.57;0
26/03/2009;4.57;0
27/03/2009;4.57;0
28/03/2009;4.57;0
29/03/2009;4.57;0
30/03/2009;4.57;6
31/03/2009;4.57;0
01/04/2009;4.57;0
02/04/2009;4.57;1
03/04/2009;4.57;0
04/04/2009;4.57;60
05/04/2009;4.57;0
06/04/2009;4.57;0
07/04/2009;4.57;0
08/04/2009;4.57;0
09/04/2009;4.57;0
10/04/2009;4.57;0
11/04/2009;4.57;0
12/04/2009;4.57;0
13/04/2009;4.57;0
14/04/2009;4.57;0
15/04/2009;4.57;0
16/04/2009;4.57;0
17/04/2009;4.57;7
18/04/2009;4.56;0
19/04/2009;4.56;0
20/04/2009;4.57;0
21/04/2009;4.57;0
22/04/2009;4.56;0
23/04/2009;4.56;0
24/04/2009;4.56;0
25/04/2009;4.56;0
26/04/2009;4.56;0
27/04/2009;4.56;0
28/04/2009;4.56;0
29/04/2009;4.56;0
30/04/2009;4.56;0
01/05/2009;4.56;0
02/05/2009;4.56;0
03/05/2009;4.56;0
04/05/2009;4.56;0
05/05/2009;4.56;0
06/05/2009;4.56;0
07/05/2009;4.56;0
08/05/2009;4.56;0
09/05/2009;4.56;0
10/05/2009;4.56;0
11/05/2009;4.56;0
12/05/2009;4.56;0
13/05/2009;4.56;5
14/05/2009;4.56;0
15/05/2009;4.56;0
16/05/2009;4.56;0
17/05/2009;4.56;0
18/05/2009;4.56;0
19/05/2009;4.56;0
20/05/2009;4.56;0
21/05/2009;4.56;0
22/05/2009;4.56;0
23/05/2009;4.56;0
24/05/2009;4.56;0
25/05/2009;4.56;48
26/05/2009;4.56;0
27/05/2009;4.56;0
28/05/2009;4.56;0
29/05/2009;4.56;0
30/05/2009;4.56;0
31/05/2009;4.56;0
01/06/2009;4.56;0
02/06/2009;4.56;0
03/06/2009;4.56;0
04/06/2009;4.56;0
05/06/2009;4.56;0
06/06/2009;4.56;0
07/06/2009;4.56;0
08/06/2009;4.56;0
09/06/2009;4.56;0
10/06/2009;4.56;0
11/06/2009;4.56;0
12/06/2009;4.56;0
13/06/2009;4.56;0
14/06/2009;4.56;0
15/06/2009;4.56;0
16/06/2009;4.56;0
17/06/2009;4.56;0
18/06/2009;4.56;0
19/06/2009;4.56;0
20/06/2009;4.56;0
21/06/2009;4.56;0
22/06/2009;4.56;0
23/06/2009;4.56;0
24/06/2009;4.56;0
25/06/2009;4.56;0
26/06/2009;4.56;0
27/06/2009;4.56;0
28/06/2009;4.56;0
29/06/2009;4.56;0
30/06/2009;4.56;22
01/07/2009;4.56;0
02/07/2009;4.56;0
03/07/2009;4.56;0
04/07/2009;4.56;0
05/07/2009;4.56;0
06/07/2009;4.56;7
07/07/2009;4.56;0
08/07/2009;4.56;0
09/07/2009;4.56;0
10/07/2009;4.56;0
11/07/2009;4.56;0
12/07/2009;4.56;0
13/07/2009;4.56;0
14/07/2009;4.56;0
15/07/2009;4.56;0
16/07/2009;4.56;0
17/07/2009;4.56;0
18/07/2009;4.56;0
19/07/2009;4.56;0
20/07/2009;4.56;0
21/07/2009;4.56;40
22/07/2009;4.56;0
23/07/2009;4.56;0
24/07/2009;4.56;0
25/07/2009;4.56;0
26/07/2009;4.56;0
27/07/2009;4.56;0
28/07/2009;4.56;0
29/07/2009;4.56;0
30/07/2009;4.56;0
31/07/2009;4.56;0
01/08/2009;4.56;0
02/08/2009;4.56;0
03/08/2009;4.56;0
04/08/2009;4.56;0
05/08/2009;4.56;0
06/08/2009;4.56;0
07/08/2009;4.56;0
08/08/2009;4.56;0
09/08/2009;4.56;0
10/08/2009;4.56;0
11/08/2009;4.56;0
12/08/2009;4.56;0
13/08/2009;4.56;0
14/08/2009;4.56;0
15/08/2009;4.56;0
16/08/2009;4.56;7
17/08/2009;4.56;0
18/08/2009;4.56;0
19/08/2009;4.56;0
20/08/2009;4.56;0
21/08/2009;4.56;0
22/08/2009;4.56;0
23/08/2009;4.56;0
24/08/2009;4.56;0
25/08/2009;4.56;0
26/08/2009;4.56;0
27/08/2009;4.56;0
28/08/2009;4.56;0
29/08/2009;4.56;0
30/08/2009;4.56;0
31/08/2009;4.56;0
01/09/2009;4.56;0
02/09/2009;4.56;0
03/09/2009;4.56;0
04/09/2009;4.56;2
05/09/2009;4.56;27
06/09/2009;4.56;7
07/09/2009;4.56;0
08/09/2009;4.56;0
09/09/2009;4.56;0
10/09/2009;4.56;0
11/09/2009;4.56;0
12/09/2009;4.56;0
13/09/2009;4.56;0
14/09/2009;4.56;0
15/09/2009;4.56;0
16/09/2009;4.56;0
17/09/2009;4.56;0
18/09/2009;4.56;7
19/09/2009;4.56;0
20/09/2009;4.56;0
21/09/2009;4.56;0
22/09/2009;4.56;7
23/09/2009;4.56;0
24/09/2009;4.56;0
25/09/2009;4.56;0
26/09/2009;4.56;0
27/09/2009;4.56;17
28/09/2009;4.56;0
29/09/2009;4.56;0
30/09/2009;4.56;0
01/10/2009;4.56;0
02/10/2009;4.56;0
03/10/2009;4.56;0
04/10/2009;4.56;0
05/10/2009;4.56;0
06/10/2009;4.56;0
07/10/2009;4.56;0
08/10/2009;4.56;0
09/10/2009;4.56;0
10/10/2009;4.56;45
11/10/2009;4.56;0
12/10/2009;4.56;0
13/10/2009;4.56;0
14/10/2009;4.56;0
15/10/2009;4.56;0
16/10/2009;4.56;0
17/10/2009;4.56;0
18/10/2009;4.56;0
19/10/2009;4.57;8
20/10/2009;4.58;0
21/10/2009;4.59;8
22/10/2009;;0
23/10/2009;;0
24/10/2009;;0
25/10/2009;;0
26/10/2009;;0
27/10/2009;;0
28/10/2009;;0
29/10/2009;;14
30/10/2009;;0
31/10/2009;;0
01/11/2009;;85
02/11/2009;;62
03/11/2009;;0
04/11/2009;;0
05/11/2009;;0
06/11/2009;;0
07/11/2009;;0
08/11/2009;;0
09/11/2009;;0
10/11/2009;;0
11/11/2009;;0
12/11/2009;;0
13/11/2009;;0
14/11/2009;;0
15/11/2009;;0
16/11/2009;;0
17/11/2009;;0
18/11/2009;;16
19/11/2009;;0
20/11/2009;;0
21/11/2009;;0
22/11/2009;;0
23/11/2009;;0
24/11/2009;;0
25/11/2009;;0
26/11/2009;;8
27/11/2009;;0
28/11/2009;;0
29/11/2009;;34
30/11/2009;;0
01/12/2009;;0
02/12/2009;;0
03/12/2009;;0
04/12/2009;;0
05/12/2009;;0
06/12/2009;;0
07/12/2009;;2
08/12/2009;;0
09/12/2009;;16
10/12/2009;;0
11/12/2009;;0
12/12/2009;;0
13/12/2009;;0
14/12/2009;;0
15/12/2009;;0
16/12/2009;;0
17/12/2009;;0
18/12/2009;;0
19/12/2009;;60
20/12/2009;;0
21/12/2009;;0
22/12/2009;;0
23/12/2009;;0
24/12/2009;;0
25/12/2009;;0
26/12/2009;;58
27/12/2009;;0
28/12/2009;;60
29/12/2009;;0
30/12/2009;;0
31/12/2009;;0
01/01/2010;;0
02/01/2010;;0
03/01/2010;;0
04/01/2010;;0
05/01/2010;;0
06/01/2010;;0
07/01/2010;;0
08/01/2010;;0
09/01/2010;;0
10/01/2010;;0
11/01/2010;;0
12/01/2010;;42
13/01/2010;;0
14/01/2010;;0
15/01/2010;;0
16/01/2010;;0
17/01/2010;;0
18/01/2010;;0
19/01/2010;;0
20/01/2010;;0
21/01/2010;;0
22/01/2010;;0
23/01/2010;;0
24/01/2010;;0
25/01/2010;;0
26/01/2010;;0
27/01/2010;;0
28/01/2010;;10
29/01/2010;;0
30/01/2010;;0
31/01/2010;;0
01/02/2010;;0
02/02/2010;;0
03/02/2010;;16
04/02/2010;;0
05/02/2010;;7
06/02/2010;;28
07/02/2010;;0
08/02/2010;;0
09/02/2010;;0
10/02/2010;;0
11/02/2010;;0
12/02/2010;;0
13/02/2010;;0
14/02/2010;;0
15/02/2010;;0
16/02/2010;;0
17/02/2010;;0
18/02/2010;;0
19/02/2010;;58
20/02/2010;;0
21/02/2010;;0
22/02/2010;;0
23/02/2010;;0
24/02/2010;;0
25/02/2010;;0
26/02/2010;;0
27/02/2010;;0
28/02/2010;;0
01/03/2010;;0
02/03/2010;;0
03/03/2010;;15
04/03/2010;;0
05/03/2010;;0
06/03/2010;;0
07/03/2010;;0
08/03/2010;;0
09/03/2010;;0
10/03/2010;;8
11/03/2010;;0
12/03/2010;;0
13/03/2010;;0
14/03/2010;;0
15/03/2010;;0
16/03/2010;;0
17/03/2010;;50
18/03/2010;;0
19/03/2010;;0
20/03/2010;;0
21/03/2010;;10
22/03/2010;;0
23/03/2010;;0
24/03/2010;;0
25/03/2010;;0
26/03/2010;4.72;0
27/03/2010;4.71;0
28/03/2010;4.73;0
29/03/2010;4.74;0
30/03/2010;4.74;8
31/03/2010;4.75;0
01/04/2010;4.75;0
02/04/2010;4.74;0
03/04/2010;4.74;0
04/04/2010;4.73;0
05/04/2010;4.72;0
06/04/2010;4.71;0
07/04/2010;4.72;0
08/04/2010;4.71;0
09/04/2010;4.72;0
10/04/2010;4.72;0
11/04/2010;4.71;0
12/04/2010;4.72;0
13/04/2010;4.72;15
14/04/2010;4.72;15
15/04/2010;4.73;0
16/04/2010;4.71;0
17/04/2010;4.71;0
18/04/2010;4.71;0
19/04/2010;4.71;0
20/04/2010;4.71;0
21/04/2010;4.71;0
22/04/2010;4.7;0
23/04/2010;4.7;0
24/04/2010;4.7;0
25/04/2010;4.7;0
26/04/2010;4.7;0
27/04/2010;4.7;0
28/04/2010;4.7;0
29/04/2010;4.7;0
30/04/2010;4.7;0
01/05/2010;4.7;0
02/05/2010;4.7;0
03/05/2010;4.7;0
04/05/2010;4.7;0
05/05/2010;4.7;0
06/05/2010;4.7;0
07/05/2010;4.7;0
08/05/2010;4.7;0
09/05/2010;4.7;0
10/05/2010;4.7;0
11/05/2010;4.7;0
12/05/2010;4.7;0
13/05/2010;4.7;0
14/05/2010;4.7;0
15/05/2010;4.7;5
16/05/2010;4.7;0
17/05/2010;4.7;0
18/05/2010;4.7;0
19/05/2010;4.7;0
20/05/2010;4.7;0
21/05/2010;4.7;0
22/05/2010;4.7;0
23/05/2010;4.7;45
24/05/2010;4.71;0
25/05/2010;4.71;0
26/05/2010;4.71;0
27/05/2010;4.71;0
28/05/2010;4.7;0
29/05/2010;4.7;0
30/05/2010;4.7;0
31/05/2010;4.71;0
01/06/2010;4.71;0
02/06/2010;4.71;0
03/06/2010;4.7;0
04/06/2010;4.71;0
05/06/2010;4.7;0
06/06/2010;4.7;0
07/06/2010;4.7;0
08/06/2010;4.7;0
09/06/2010;4.7;0
10/06/2010;4.7;0
11/06/2010;4.7;0
12/06/2010;4.7;0
13/06/2010;4.7;
14/06/2010;4.7;30
15/06/2010;4.7;
16/06/2010;4.71;
17/06/2010;4.71;
18/06/2010;4.7;
19/06/2010;4.7;
20/06/2010;4.7;
21/06/2010;4.7;
22/06/2010;4.7;
23/06/2010;4.7;
24/06/2010;4.7;
25/06/2010;4.7;
26/06/2010;4.7;
27/06/2010;4.7;
28/06/2010;4.7;10
29/06/2010;4.7;
30/06/2010;4.7;
01/07/2010;4.7;
02/07/2010;4.7;
03/07/2010;4.71;
04/07/2010;4.71;
05/07/2010;4.71;
06/07/2010;4.71;
07/07/2010;4.71;
08/07/2010;4.71;
09/07/2010;4.71;
10/07/2010;4.71;
11/07/2010;4.71;
12/07/2010;4.71;
13/07/2010;4.71;
14/07/2010;4.71;
15/07/2010;4.71;
16/07/2010;4.71;
17/07/2010;4.71;
18/07/2010;4.71;28
19/07/2010;4.71;
20/07/2010;4.71;
21/07/2010;4.71;
22/07/2010;4.71;
23/07/2010;4.71;
24/07/2010;4.71;
25/07/2010;4.71;12
26/07/2010;4.69;
27/07/2010;4.68;
28/07/2010;4.66;
29/07/2010;4.66;
30/07/2010;4.65;6
31/07/2010;4.63;
01/08/2010;4.63;
02/08/2010;4.63;
03/08/2010;4.62;
04/08/2010;4.62;
05/08/2010;4.62;
06/08/2010;4.62;
07/08/2010;4.6;
08/08/2010;4.6;
09/08/2010;4.59;
10/08/2010;4.58;
11/08/2010;4.57;
12/08/2010;4.57;
13/08/2010;4.56;
14/08/2010;4.53;
15/08/2010;4.52;
16/08/2010;4.51;
17/08/2010;4.5;
18/08/2010;4.49;
19/08/2010;4.5;
20/08/2010;4.5;
21/08/2010;4.49;
22/08/2010;4.49;
23/08/2010;4.49;
24/08/2010;4.49;
25/08/2010;4.48;
26/08/2010;4.47;
27/08/2010;4.47;
28/08/2010;4.47;
29/08/2010;4.47;
30/08/2010;4.47;
31/08/2010;4.47;
01/09/2010;4.46;
02/09/2010;4.46;
03/09/2010;4.45;38
04/09/2010;4.45;
05/09/2010;4.45;
06/09/2010;4.44;
07/09/2010;4.44;
08/09/2010;4.43;
09/09/2010;4.41;
10/09/2010;4.41;28
11/09/2010;4.41;
12/09/2010;4.41;
13/09/2010;4.39;
14/09/2010;4.37;
15/09/2010;4.36;
16/09/2010;4.35;
17/09/2010;4.33;
18/09/2010;4.31;
19/09/2010;4.29;
20/09/2010;4.27;
21/09/2010;4.27;
22/09/2010;4.28;
23/09/2010;4.27;
24/09/2010;4.25;
25/09/2010;4.24;
26/09/2010;4.23;
27/09/2010;4.23;
28/09/2010;4.21;59
29/09/2010;4.21;
30/09/2010;4.19;
01/10/2010;4.16;
02/10/2010;4.11;
03/10/2010;4.08;
04/10/2010;4.04;
05/10/2010;4.02;
06/10/2010;;
07/10/2010;;
08/10/2010;;
09/10/2010;;
10/10/2010;;
11/10/2010;;
12/10/2010;;
13/10/2010;;
14/10/2010;;18
15/10/2010;;
16/10/2010;;
17/10/2010;;
18/10/2010;;
19/10/2010;;
20/10/2010;;
21/10/2010;;
22/10/2010;;
23/10/2010;;
24/10/2010;;
25/10/2010;;
26/10/2010;;
27/10/2010;;
28/10/2010;;28
29/10/2010;;
30/10/2010;;
31/10/2010;;
01/11/2010;;
02/11/2010;;
03/11/2010;;
04/11/2010;;
05/11/2010;;
06/11/2010;;
07/11/2010;;40
08/11/2010;;
09/11/2010;;
10/11/2010;;
11/11/2010;;
12/11/2010;;
13/11/2010;;
14/11/2010;;
15/11/2010;;
16/11/2010;;7
17/11/2010;;
18/11/2010;;
19/11/2010;;
20/11/2010;;
21/11/2010;;
22/11/2010;;
23/11/2010;;
24/11/2010;;
25/11/2010;;
26/11/2010;;
27/11/2010;;
28/11/2010;;
29/11/2010;;1
30/11/2010;;12
01/12/2010;;
02/12/2010;;
03/12/2010;;
04/12/2010;;8
05/12/2010;;
06/12/2010;;
07/12/2010;;7
08/12/2010;;
09/12/2010;;
10/12/2010;;
11/12/2010;;
12/12/2010;;
13/12/2010;;
14/12/2010;;
15/12/2010;;
16/12/2010;;
17/12/2010;;
18/12/2010;;
19/12/2010;;
20/12/2010;;
21/12/2010;;
22/12/2010;;
23/12/2010;;
24/12/2010;;
25/12/2010;;
26/12/2010;;
27/12/2010;;
28/12/2010;;
29/12/2010;;
30/12/2010;;
31/12/2010;;
01/01/2011;;
02/01/2011;;
03/01/2011;;
04/01/2011;;
05/01/2011;;48
06/01/2011;;3
07/01/2011;;
08/01/2011;;
09/01/2011;;
10/01/2011;;
11/01/2011;;
12/01/2011;;
13/01/2011;;
14/01/2011;;
15/01/2011;;
16/01/2011;;120
17/01/2011;;
18/01/2011;;
19/01/2011;;
20/01/2011;;
21/01/2011;;
22/01/2011;;
23/01/2011;;
24/01/2011;;
25/01/2011;;
26/01/2011;;
27/01/2011;;
28/01/2011;;
29/01/2011;;
30/01/2011;;
31/01/2011;;
01/02/2011;;
02/02/2011;4.15;
03/02/2011;4.15;
04/02/2011;4.15;
05/02/2011;4.14;
06/02/2011;4.16;
07/02/2011;4.16;
08/02/2011;4.16;
09/02/2011;4.16;
10/02/2011;4.16;
11/02/2011;4.16;
12/02/2011;4.17;
13/02/2011;4.17;
14/02/2011;4.19;
15/02/2011;4.19;
16/02/2011;4.19;
17/02/2011;4.2;
18/02/2011;4.21;
19/02/2011;4.23;
20/02/2011;4.24;
21/02/2011;4.25;
22/02/2011;4.25;
23/02/2011;4.24;82
24/02/2011;4.24;
25/02/2011;4.23;
26/02/2011;4.22;
27/02/2011;4.21;
28/02/2011;4.19;
01/03/2011;4.17;
02/03/2011;4.16;
03/03/2011;4.15;
04/03/2011;4.15;
05/03/2011;4.15;
06/03/2011;4.23;5
07/03/2011;4.33;
08/03/2011;4.48;
09/03/2011;4.43;
10/03/2011;4.47;
11/03/2011;4.42;
12/03/2011;4.46;12
13/03/2011;4.38;
14/03/2011;4.46;
15/03/2011;4.39;
16/03/2011;4.45;
17/03/2011;4.36;
18/03/2011;4.37;
19/03/2011;4.35;
20/03/2011;4.38;
21/03/2011;4.34;
22/03/2011;4.34;
23/03/2011;4.37;
24/03/2011;4.34;
25/03/2011;4.4;
26/03/2011;4.37;
27/03/2011;4.35;
28/03/2011;4.41;
29/03/2011;4.32;
30/03/2011;4.45;
31/03/2011;4.47;4
01/04/2011;4.51;
02/04/2011;4.44;
03/04/2011;4.44;4
04/04/2011;4.49;
05/04/2011;;
06/04/2011;;
07/04/2011;;
08/04/2011;;
09/04/2011;;
10/04/2011;;
11/04/2011;;
12/04/2011;;
13/04/2011;;5
14/04/2011;;
15/04/2011;;
16/04/2011;;24
17/04/2011;;
18/04/2011;;
19/04/2011;;
20/04/2011;;
21/04/2011;;
22/04/2011;;
23/04/2011;;
24/04/2011;;
25/04/2011;;
26/04/2011;;
27/04/2011;;
28/04/2011;;2
29/04/2011;;
30/04/2011;;28
01/05/2011;;
02/05/2011;;
03/05/2011;;
04/05/2011;;
05/05/2011;;
06/05/2011;;
07/05/2011;;
08/05/2011;;
09/05/2011;;
10/05/2011;;
11/05/2011;;
12/05/2011;;
13/05/2011;;18
14/05/2011;;
15/05/2011;;
16/05/2011;;
17/05/2011;4.63;
18/05/2011;4.63;
19/05/2011;4.63;
20/05/2011;4.63;
21/05/2011;4.63;6
22/05/2011;4.63;
23/05/2011;4.64;
24/05/2011;4.64;7
25/05/2011;4.64;
26/05/2011;4.65;
27/05/2011;4.65;
28/05/2011;4.65;
29/05/2011;4.65;
30/05/2011;4.65;
31/05/2011;4.65;
01/06/2011;4.66;
02/06/2011;4.66;
03/06/2011;4.67;
04/06/2011;4.67;
05/06/2011;4.66;
06/06/2011;4.65;2
07/06/2011;4.66;
08/06/2011;4.66;
09/06/2011;4.66;
10/06/2011;4.67;
11/06/2011;4.66;
12/06/2011;4.67;
13/06/2011;4.68;
14/06/2011;4.68;
15/06/2011;4.67;22
16/06/2011;4.66;3
17/06/2011;4.67;
18/06/2011;4.68;8
19/06/2011;4.66;
20/06/2011;4.67;
21/06/2011;4.67;
22/06/2011;4.67;4
23/06/2011;4.66;
24/06/2011;4.66;
25/06/2011;4.67;
26/06/2011;4.67;
27/06/2011;4.65;
28/06/2011;4.65;
29/06/2011;4.65;
30/06/2011;4.65;
01/07/2011;4.67;
02/07/2011;4.68;
03/07/2011;4.68;
04/07/2011;4.67;
05/07/2011;4.67;
06/07/2011;4.67;
07/07/2011;4.67;
08/07/2011;4.67;
09/07/2011;4.67;
10/07/2011;4.67;
11/07/2011;4.68;
12/07/2011;4.68;
13/07/2011;4.69;
14/07/2011;4.68;
15/07/2011;4.67;
16/07/2011;4.69;
17/07/2011;4.69;
18/07/2011;4.7;1
19/07/2011;4.68;29
20/07/2011;4.69;
21/07/2011;4.69;
22/07/2011;4.68;
23/07/2011;4.67;
24/07/2011;4.67;
25/07/2011;4.65;44
26/07/2011;4.64;
27/07/2011;4.59;
28/07/2011;4.54;
29/07/2011;4.49;
30/07/2011;4.47;
31/07/2011;4.44;
01/08/2011;4.41;
02/08/2011;4.38;
03/08/2011;4.35;
04/08/2011;4.35;
05/08/2011;4.33;
06/08/2011;4.31;
07/08/2011;4.3;
08/08/2011;4.3;
09/08/2011;4.29;
10/08/2011;4.28;
11/08/2011;4.26;
12/08/2011;4.25;
13/08/2011;4.26;
14/08/2011;4.26;
15/08/2011;4.24;
16/08/2011;4.23;
17/08/2011;4.24;
18/08/2011;4.23;
19/08/2011;4.22;
20/08/2011;4.23;
21/08/2011;4.24;
22/08/2011;4.23;
23/08/2011;4.22;
24/08/2011;4.22;
25/08/2011;4.21;
26/08/2011;4.22;
27/08/2011;4.21;
28/08/2011;4.2;
29/08/2011;4.21;
30/08/2011;4.21;
31/08/2011;4.22;
01/09/2011;4.22;
02/09/2011;4.21;
03/09/2011;4.2;
04/09/2011;4.2;
05/09/2011;4.21;
06/09/2011;4.21;
07/09/2011;4.21;
08/09/2011;4.21;
09/09/2011;4.2;
10/09/2011;4.2;
11/09/2011;4.23;
12/09/2011;4.21;
13/09/2011;4.23;
14/09/2011;4.24;
15/09/2011;4.23;
16/09/2011;4.22;52
17/09/2011;4.23;
18/09/2011;4.24;
19/09/2011;4.22;
20/09/2011;4.22;
21/09/2011;4.2;
22/09/2011;4.2;
23/09/2011;4.22;
24/09/2011;4.21;
25/09/2011;4.2;
26/09/2011;4.19;
27/09/2011;4.2;
28/09/2011;4.19;
29/09/2011;4.19;
30/09/2011;4.2;
01/10/2011;4.19;
02/10/2011;4.19;
03/10/2011;4.21;
04/10/2011;4.2;13
05/10/2011;4.19;
06/10/2011;4.19;
07/10/2011;4.19;20
08/10/2011;4.19;
09/10/2011;4.18;
10/10/2011;4.19;
11/10/2011;4.19;
12/10/2011;4.19;
13/10/2011;4.18;
14/10/2011;4.18;
15/10/2011;4.18;
16/10/2011;4.18;
17/10/2011;4.19;
18/10/2011;4.2;
19/10/2011;4.2;
20/10/2011;4.19;
21/10/2011;4.19;
22/10/2011;4.19;
23/10/2011;4.21;
24/10/2011;4.2;
25/10/2011;4.2;
26/10/2011;4.21;
27/10/2011;4.21;
28/10/2011;4.21;
29/10/2011;4.22;
30/10/2011;4.24;
31/10/2011;4.24;
01/11/2011;4.25;
02/11/2011;4.25;
03/11/2011;4.25;
04/11/2011;4.25;
05/11/2011;4.26;
06/11/2011;4.28;
07/11/2011;4.28;
08/11/2011;4.27;
09/11/2011;4.24;
10/11/2011;4.28;
11/11/2011;4.28;
12/11/2011;4.27;
13/11/2011;4.26;
14/11/2011;4.26;
15/11/2011;4.26;
16/11/2011;4.27;
17/11/2011;4.27;
18/11/2011;4.27;
19/11/2011;4.27;
20/11/2011;4.27;
21/11/2011;4.27;
22/11/2011;4.29;
23/11/2011;4.29;
24/11/2011;4.3;
25/11/2011;4.3;
26/11/2011;4.31;
27/11/2011;4.31;
28/11/2011;4.32;
29/11/2011;4.34;
30/11/2011;4.34;
01/12/2011;4.36;
02/12/2011;4.36;
03/12/2011;4.37;
04/12/2011;4.38;
05/12/2011;4.39;
06/12/2011;4.4;
07/12/2011;4.41;
08/12/2011;4.42;
09/12/2011;4.44;
10/12/2011;4.45;
11/12/2011;4.46;
12/12/2011;4.47;
13/12/2011;4.49;
14/12/2011;4.5;
15/12/2011;4.51;
16/12/2011;4.52;
17/12/2011;4.53;
18/12/2011;4.54;
19/12/2011;4.55;
20/12/2011;4.56;
21/12/2011;4.57;
22/12/2011;4.58;
23/12/2011;4.6;
24/12/2011;4.62;
25/12/2011;4.63;
26/12/2011;4.63;
27/12/2011;4.64;
28/12/2011;4.65;
29/12/2011;4.66;
30/12/2011;4.67;
31/12/2011;4.68;
01/01/2012;4.69;
02/01/2012;4.7;
03/01/2012;4.71;
04/01/2012;4.72;
05/01/2012;4.73;
06/01/2012;4.74;
07/01/2012;4.75;
08/01/2012;4.76;
09/01/2012;4.77;
10/01/2012;4.77;
11/01/2012;4.79;
12/01/2012;4.79;
13/01/2012;4.8;
14/01/2012;4.8;
15/01/2012;4.81;
16/01/2012;4.81;
17/01/2012;4.82;
18/01/2012;4.83;
19/01/2012;4.83;
20/01/2012;4.84;
21/01/2012;4.85;
22/01/2012;4.86;
23/01/2012;4.86;
24/01/2012;4.86;
25/01/2012;4.88;
26/01/2012;4.88;
27/01/2012;4.88;
28/01/2012;4.89;
29/01/2012;4.89;
30/01/2012;4.9;
31/01/2012;4.9;
01/02/2012;4.91;
02/02/2012;4.92;
03/02/2012;4.93;
04/02/2012;4.93;
05/02/2012;4.94;
06/02/2012;4.94;
07/02/2012;4.95;
08/02/2012;4.95;
09/02/2012;4.97;
10/02/2012;4.97;
11/02/2012;4.98;
12/02/2012;4.98;
13/02/2012;4.98;
14/02/2012;4.98;
15/02/2012;4.98;
16/02/2012;4.98;
17/02/2012;4.98;
18/02/2012;4.98;
19/02/2012;4.98;
20/02/2012;4.98;
21/02/2012;4.98;
22/02/2012;4.98;
23/02/2012;4.98;
24/02/2012;4.98;
25/02/2012;4.98;32
26/02/2012;4.98;
27/02/2012;4.98;
28/02/2012;4.98;22
29/02/2012;4.75;
01/03/2012;4.76;
02/03/2012;4.75;
03/03/2012;4.75;
04/03/2012;4.74;
05/03/2012;4.74;53
06/03/2012;4.73;
07/03/2012;4.74;
08/03/2012;4.74;
09/03/2012;4.74;
10/03/2012;4.74;
11/03/2012;4.74;
12/03/2012;4.74;
13/03/2012;4.75;
14/03/2012;4.75;
15/03/2012;4.74;
16/03/2012;4.74;
17/03/2012;4.75;
18/03/2012;4.75;
19/03/2012;4.75;
20/03/2012;4.76;
21/03/2012;4.76;
22/03/2012;4.75;
23/03/2012;4.76;
24/03/2012;4.76;
25/03/2012;4.75;
26/03/2012;4.75;
27/03/2012;4.75;
28/03/2012;4.75;
29/03/2012;4.75;
30/03/2012;4.75;
31/03/2012;4.75;
01/04/2012;4.76;
02/04/2012;4.75;
03/04/2012;4.75;
04/04/2012;4.76;13
05/04/2012;4.76;
06/04/2012;4.77;
07/04/2012;4.77;
08/04/2012;4.77;
09/04/2012;4.78;
10/04/2012;4.77;6
11/04/2012;4.76;
12/04/2012;4.74;
13/04/2012;4.71;
14/04/2012;4.69;
15/04/2012;4.66;
16/04/2012;4.64;
17/04/2012;4.62;10
18/04/2012;4.6;
19/04/2012;4.58;20
20/04/2012;4.56;
21/04/2012;4.52;
22/04/2012;4.49;
23/04/2012;4.45;
24/04/2012;4.42;
25/04/2012;4.4;
26/04/2012;4.37;
27/04/2012;4.34;
28/04/2012;4.32;
29/04/2012;4.3;
30/04/2012;4.28;
01/05/2012;4.27;
02/05/2012;4.26;
03/05/2012;4.25;
04/05/2012;4.22;
05/05/2012;4.21;
06/05/2012;4.21;
07/05/2012;4.2;
08/05/2012;4.19;47
09/05/2012;4.2;35
10/05/2012;4.18;
11/05/2012;4.17;
12/05/2012;4.16;
13/05/2012;4.16;
14/05/2012;4.15;
15/05/2012;4.15;
16/05/2012;4.14;
17/05/2012;4.15;
18/05/2012;4.15;42
19/05/2012;4.14;
20/05/2012;4.13;
21/05/2012;4.12;
22/05/2012;4.13;
23/05/2012;4.12;
24/05/2012;4.12;
25/05/2012;4.12;
26/05/2012;4.12;
27/05/2012;4.14;
28/05/2012;4.12;
29/05/2012;4.11;
30/05/2012;4.11;
31/05/2012;4.11;
01/06/2012;4.12;
02/06/2012;4.11;
03/06/2012;4.12;3
04/06/2012;4.13;
05/06/2012;4.11;
06/06/2012;4.11;
07/06/2012;4.12;
08/06/2012;4.12;
09/06/2012;4.11;
10/06/2012;4.11;4
11/06/2012;4.1;
12/06/2012;4.11;
13/06/2012;4.1;
14/06/2012;4.1;
15/06/2012;4.13;
16/06/2012;4.14;
17/06/2012;4.13;
18/06/2012;4.12;
19/06/2012;4.11;
20/06/2012;4.11;
21/06/2012;4.11;
22/06/2012;4.1;
23/06/2012;4.12;
24/06/2012;4.12;
25/06/2012;4.12;
26/06/2012;4.13;
27/06/2012;4.11;
28/06/2012;4.13;
29/06/2012;4.12;
30/06/2012;4.12;
01/07/2012;4.15;
02/07/2012;4.14;
03/07/2012;4.13;
04/07/2012;4.12;
05/07/2012;4.12;
06/07/2012;4.13;
07/07/2012;4.14;
08/07/2012;4.13;
09/07/2012;4.12;
10/07/2012;4.11;
11/07/2012;4.09;
12/07/2012;4.07;
13/07/2012;4.05;
14/07/2012;4.02;
15/07/2012;4;
16/07/2012;3.95;
17/07/2012;3.9;
18/07/2012;3.85;
19/07/2012;3.79;
20/07/2012;3.72;
21/07/2012;3.66;
22/07/2012;3.56;
23/07/2012;3.46;
24/07/2012;3.37;
25/07/2012;3.31;
26/07/2012;3.27;
27/07/2012;3.22;
28/07/2012;3.14;
29/07/2012;3.07;
30/07/2012;3.01;
31/07/2012;2.96;
01/08/2012;2.92;
02/08/2012;2.89;
03/08/2012;2.87;
04/08/2012;2.85;
05/08/2012;;
06/08/2012;;
07/08/2012;;
08/08/2012;;62
09/08/2012;;
10/08/2012;;
11/08/2012;;34
12/08/2012;;
13/08/2012;;
14/08/2012;;28
15/08/2012;;
16/08/2012;;
17/08/2012;;38
18/08/2012;;
19/08/2012;;
20/08/2012;;
21/08/2012;;
22/08/2012;;
23/08/2012;;
24/08/2012;;
25/08/2012;;
26/08/2012;;
27/08/2012;;
28/08/2012;;
29/08/2012;;
30/08/2012;;
31/08/2012;;
01/09/2012;;
02/09/2012;;
03/09/2012;2.85;
04/09/2012;2.81;31
05/09/2012;2.8;
06/09/2012;2.76;8
07/09/2012;2.71;
08/09/2012;2.67;
09/09/2012;2.66;
10/09/2012;2.63;
11/09/2012;2.59;
12/09/2012;2.58;
13/09/2012;2.57;
14/09/2012;2.55;
15/09/2012;2.54;
16/09/2012;2.54;18
17/09/2012;2.53;
18/09/2012;2.52;
19/09/2012;2.51;
20/09/2012;2.49;
21/09/2012;2.5;
22/09/2012;2.5;
23/09/2012;2.49;
24/09/2012;2.47;
25/09/2012;2.5;
26/09/2012;2.5;
27/09/2012;2.48;
28/09/2012;2.48;
29/09/2012;2.47;
30/09/2012;2.46;20
01/10/2012;2.46;12
02/10/2012;2.46;
03/10/2012;2.45;
04/10/2012;2.44;
05/10/2012;2.41;
06/10/2012;2.39;30
07/10/2012;2.33;
08/10/2012;2.29;
09/10/2012;2.27;
10/10/2012;2.28;
11/10/2012;2.26;
12/10/2012;2.25;
13/10/2012;2.25;
14/10/2012;2.24;
15/10/2012;2.24;49
16/10/2012;2.22;7
17/10/2012;2.03;
18/10/2012;1.99;
19/10/2012;1.96;
20/10/2012;1.95;
21/10/2012;1.95;
22/10/2012;1.94;18
23/10/2012;1.93;
24/10/2012;1.91;
25/10/2012;1.9;
26/10/2012;1.89;
27/10/2012;1.89;
28/10/2012;1.9;
29/10/2012;1.89;
30/10/2012;1.91;
31/10/2012;1.91;
01/11/2012;1.91;
02/11/2012;1.91;
03/11/2012;1.91;
04/11/2012;1.93;
05/11/2012;1.92;
06/11/2012;1.93;
07/11/2012;1.93;
08/11/2012;1.94;
09/11/2012;1.94;24
10/11/2012;1.95;
11/11/2012;1.92;
12/11/2012;1.93;
13/11/2012;1.94;
14/11/2012;1.94;
15/11/2012;1.93;
16/11/2012;1.94;
17/11/2012;1.96;
18/11/2012;1.96;
19/11/2012;1.97;
20/11/2012;1.98;
21/11/2012;1.99;
22/11/2012;1.99;40
23/11/2012;1.94;
24/11/2012;1.93;
25/11/2012;1.94;2
26/11/2012;1.94;
27/11/2012;1.94;
28/11/2012;1.95;
29/11/2012;1.98;26
30/11/2012;1.98;
01/12/2012;1.98;
02/12/2012;1.98;
03/12/2012;2;25
04/12/2012;1.96;
05/12/2012;1.96;
06/12/2012;1.77;
07/12/2012;1.21;
08/12/2012;1.36;
09/12/2012;1.43;
10/12/2012;1.45;27
11/12/2012;1.41;
12/12/2012;1.4;
13/12/2012;1.46;
14/12/2012;1.49;8
15/12/2012;1.5;
16/12/2012;1.52;
17/12/2012;1.55;
18/12/2012;1.57;
19/12/2012;1.59;32
20/12/2012;1.58;
21/12/2012;1.61;
22/12/2012;1.62;
23/12/2012;1.61;
24/12/2012;1.62;
25/12/2012;1.31;68
26/12/2012;1.09;20
27/12/2012;1.23;
28/12/2012;1.27;
29/12/2012;1.3;
30/12/2012;1.32;
31/12/2012;1.34;7
01/01/2013;1.43;
02/01/2013;1.45;
03/01/2013;1.47;
04/01/2013;1.48;
05/01/2013;1.48;
06/01/2013;1.51;
07/01/2013;1.52;
08/01/2013;1.58;
09/01/2013;1.62;
10/01/2013;1.64;
11/01/2013;1.66;
12/01/2013;1.68;
13/01/2013;1.71;
14/01/2013;1.74;
15/01/2013;1.75;
16/01/2013;1.78;3
17/01/2013;1.8;
18/01/2013;1.83;
19/01/2013;1.85;
20/01/2013;1.88;
21/01/2013;1.9;
22/01/2013;1.92;
23/01/2013;1.94;
24/01/2013;1.96;
25/01/2013;2.01;
26/01/2013;2.03;
27/01/2013;2.05;
28/01/2013;2.08;
29/01/2013;2.11;
30/01/2013;2.14;22
31/01/2013;2.15;
01/02/2013;2.16;
02/02/2013;2.19;
03/02/2013;2.22;
04/02/2013;2.23;
05/02/2013;2.25;
06/02/2013;2.28;
07/02/2013;2.3;
08/02/2013;2.32;
09/02/2013;2.35;
10/02/2013;2.37;
11/02/2013;2.4;
12/02/2013;2.42;
13/02/2013;2.44;
14/02/2013;2.47;
15/02/2013;2.49;
16/02/2013;2.51;
17/02/2013;2.54;
18/02/2013;2.57;
19/02/2013;2.59;
20/02/2013;2.6;
21/02/2013;2.62;
22/02/2013;2.64;
23/02/2013;2.65;22
24/02/2013;2.67;
25/02/2013;2.69;
26/02/2013;2.71;
27/02/2013;2.72;
28/02/2013;2.73;
01/03/2013;2.75;
02/03/2013;2.75;108
03/03/2013;2.76;
04/03/2013;2.75;
05/03/2013;2.74;
06/03/2013;2.73;
07/03/2013;2.74;5
08/03/2013;2.75;
09/03/2013;2.74;
10/03/2013;2.73;
11/03/2013;2.75;
12/03/2013;2.76;
13/03/2013;2.76;
14/03/2013;2.77;
15/03/2013;2.77;
16/03/2013;2.77;
17/03/2013;2.77;
18/03/2013;2.77;
19/03/2013;2.76;
20/03/2013;2.75;
21/03/2013;2.75;
22/03/2013;2.76;
23/03/2013;2.77;
24/03/2013;2.77;
25/03/2013;2.76;61
26/03/2013;2.73;
27/03/2013;2.69;
28/03/2013;2.67;
29/03/2013;2.66;
30/03/2013;2.65;
31/03/2013;2.65;
01/04/2013;2.65;28
02/04/2013;2.62;36
03/04/2013;2.49;15
04/04/2013;2.39;
05/04/2013;2.33;
06/04/2013;2.3;10
07/04/2013;2.29;
08/04/2013;2.27;
09/04/2013;2.26;
10/04/2013;2.24;
11/04/2013;2.23;
12/04/2013;2.22;
13/04/2013;2.23;
14/04/2013;2.22;
15/04/2013;2.22;
16/04/2013;2.22;
17/04/2013;2.22;
18/04/2013;2.21;
19/04/2013;2.21;
20/04/2013;2.22;
21/04/2013;2.22;
22/04/2013;2.22;
23/04/2013;2.22;
24/04/2013;2.22;
25/04/2013;2.22;
26/04/2013;2.22;
27/04/2013;2.23;35
28/04/2013;2.22;
29/04/2013;2.16;
30/04/2013;2.15;
01/05/2013;2.14;
02/05/2013;2.06;
03/05/2013;1.96;0
04/05/2013;1.87;7
05/05/2013;1.81;0
06/05/2013;1.79;0
07/05/2013;1.8;0
08/05/2013;1.77;0
09/05/2013;1.78;0
10/05/2013;1.78;0
11/05/2013;1.79;0
12/05/2013;1.8;0
13/05/2013;1.79;0
14/05/2013;1.8;0
15/05/2013;1.81;0
16/05/2013;1.82;0
17/05/2013;1.83;0
18/05/2013;1.83;6
19/05/2013;1.84;0
20/05/2013;1.84;0
21/05/2013;1.83;0
22/05/2013;1.84;0
23/05/2013;1.84;0
24/05/2013;1.84;0
25/05/2013;1.85;0
26/05/2013;1.84;0
27/05/2013;1.84;0
28/05/2013;1.83;49
29/05/2013;1.42;0
30/05/2013;1.48;0
31/05/2013;1.49;0
01/06/2013;1.51;0
02/06/2013;1.53;0
03/06/2013;1.55;0
04/06/2013;1.54;0
05/06/2013;1.56;0
06/06/2013;1.58;0
07/06/2013;1.58;0
08/06/2013;1.62;0
09/06/2013;1.6;0
10/06/2013;1.6;0
11/06/2013;1.62;0
12/06/2013;1.62;0
13/06/2013;1.62;0
14/06/2013;1.64;0
15/06/2013;1.65;0
16/06/2013;1.62;0
17/06/2013;1.66;0
18/06/2013;1.64;0
19/06/2013;1.67;0
20/06/2013;1.68;0
21/06/2013;1.65;0
22/06/2013;1.64;0
23/06/2013;1.69;0
24/06/2013;1.7;0
25/06/2013;1.69;0
26/06/2013;1.69;0
27/06/2013;1.69;0
28/06/2013;1.69;0
29/06/2013;1.7;0
30/06/2013;1.73;0
01/07/2013;1.74;0
02/07/2013;1.72;0
03/07/2013;1.72;0
04/07/2013;1.74;0
05/07/2013;1.75;0
06/07/2013;1.74;0
07/07/2013;1.77;0
08/07/2013;1.79;0
09/07/2013;1.77;0
10/07/2013;1.75;0
11/07/2013;1.75;0
12/07/2013;1.76;0
13/07/2013;1.75;0
14/07/2013;1.74;0
15/07/2013;1.76;0
16/07/2013;1.74;0
17/07/2013;1.73;0
18/07/2013;1.75;0
19/07/2013;1.79;0
20/07/2013;1.75;0
21/07/2013;1.76;0
22/07/2013;1.78;0
23/07/2013;1.8;0
24/07/2013;1.8;0
25/07/2013;1.8;0
26/07/2013;1.81;0
27/07/2013;1.81;0
28/07/2013;1.81;0
29/07/2013;1.82;0
30/07/2013;1.82;0
31/07/2013;1.79;0
01/08/2013;1.81;0
02/08/2013;1.83;0
03/08/2013;1.82;0
04/08/2013;1.83;0
05/08/2013;1.81;0
06/08/2013;1.84;0
07/08/2013;1.82;0
08/08/2013;1.83;0
09/08/2013;1.86;0
10/08/2013;1.87;0
11/08/2013;1.84;0
12/08/2013;1.84;0
13/08/2013;1.88;0
14/08/2013;1.89;0
15/08/2013;1.87;0
16/08/2013;1.86;0
17/08/2013;1.9;0
18/08/2013;1.89;0
19/08/2013;1.88;0
20/08/2013;1.89;0
21/08/2013;1.88;0
22/08/2013;1.89;0
23/08/2013;1.92;0
24/08/2013;1.93;0
25/08/2013;1.94;0
26/08/2013;1.94;0
27/08/2013;1.92;0
28/08/2013;1.91;0
29/08/2013;1.91;0
30/08/2013;1.92;0
31/08/2013;1.93;0
01/09/2013;1.94;
02/09/2013;1.95;
03/09/2013;1.96;
04/09/2013;1.97;
05/09/2013;1.96;
06/09/2013;1.96;
07/09/2013;1.95;37
08/09/2013;1.94;
09/09/2013;1.93;
10/09/2013;1.9;
11/09/2013;1.92;
12/09/2013;1.91;
13/09/2013;1.94;
14/09/2013;1.95;
15/09/2013;1.95;
16/09/2013;1.93;14
17/09/2013;1.92;
18/09/2013;1.89;
19/09/2013;1.89;
20/09/2013;1.88;
21/09/2013;1.87;
22/09/2013;1.9;
23/09/2013;1.92;
24/09/2013;1.93;
25/09/2013;1.92;
26/09/2013;1.91;11
27/09/2013;1.91;
28/09/2013;1.92;
29/09/2013;1.92;
30/09/2013;1.91;
01/10/2013;1.91;
02/10/2013;1.92;
03/10/2013;1.92;
04/10/2013;1.92;
05/10/2013;1.93;
06/10/2013;1.93;
07/10/2013;1.93;
08/10/2013;1.93;
09/10/2013;1.91;
10/10/2013;1.94;
11/10/2013;1.94;
12/10/2013;1.95;
13/10/2013;1.94;
14/10/2013;1.94;
15/10/2013;1.95;
16/10/2013;1.95;
17/10/2013;1.96;
18/10/2013;1.96;
19/10/2013;1.96;
20/10/2013;1.95;
21/10/2013;1.96;
22/10/2013;1.95;
23/10/2013;1.93;
24/10/2013;1.88;
25/10/2013;1.85;25
26/10/2013;1.83;
27/10/2013;1.84;
28/10/2013;1.86;
29/10/2013;1.86;
30/10/2013;1.87;
31/10/2013;1.88;
01/11/2013;1.88;12
02/11/2013;1.89;
03/11/2013;1.91;
04/11/2013;1.92;
05/11/2013;1.93;
06/11/2013;1.93;
07/11/2013;1.93;
08/11/2013;1.95;
09/11/2013;1.95;
10/11/2013;1.96;6
11/11/2013;1.96;
12/11/2013;1.97;
13/11/2013;1.99;
14/11/2013;1.98;4
15/11/2013;1.99;
16/11/2013;2.02;
17/11/2013;2.02;
18/11/2013;2.02;
19/11/2013;2.04;
20/11/2013;2.05;
21/11/2013;2.05;
22/11/2013;2.06;
23/11/2013;2.07;
24/11/2013;2.08;
25/11/2013;2.09;55
26/11/2013;2.1;
27/11/2013;2.09;
28/11/2013;2.08;
29/11/2013;2.09;
30/11/2013;2.1;
01/12/2013;2.1;sin registros
02/12/2013;2.1;
03/12/2013;2.12;
04/12/2013;2.1;
05/12/2013;2.12;
06/12/2013;2.13;
07/12/2013;2.13;
08/12/2013;2.14;
09/12/2013;2.15;
10/12/2013;2.17;
11/12/2013;2.17;
12/12/2013;2.18;
13/12/2013;2.19;
14/12/2013;2.19;
15/12/2013;2.21;
16/12/2013;2.23;
17/12/2013;2.24;
18/12/2013;2.25;
19/12/2013;2.27;
20/12/2013;2.28;
21/12/2013;2.3;
22/12/2013;2.32;
23/12/2013;2.34;
24/12/2013;2.36;
25/12/2013;2.38;
26/12/2013;2.4;
27/12/2013;2.43;
28/12/2013;2.45;
29/12/2013;2.47;
30/12/2013;2.49;
31/12/2013;2.53;
01/01/2014;2.55;
02/01/2014;2.58;
03/01/2014;2.6;
04/01/2014;2.63;
05/01/2014;2.65;
06/01/2014;2.68;
07/01/2014;2.7;
08/01/2014;2.74;
09/01/2014;2.76;
10/01/2014;2.79;
11/01/2014;2.82;
12/01/2014;2.85;
13/01/2014;2.86;
14/01/2014;2.88;
15/01/2014;2.91;
16/01/2014;2.93;
17/01/2014;2.95;6
18/01/2014;2.98;
19/01/2014;3.01;
20/01/2014;3.03;
21/01/2014;3.05;6
22/01/2014;3.08;
23/01/2014;3.1;122
24/01/2014;3.11;
25/01/2014;3.12;
26/01/2014;3.09;
27/01/2014;3.08;
28/01/2014;3.07;6
29/01/2014;3.06;
30/01/2014;3.05;
31/01/2014;3.04;
01/02/2014;3.05;
02/02/2014;3.04;
03/02/2014;3.03;
04/02/2014;3.04;
05/02/2014;3.03;
06/02/2014;3.02;
07/02/2014;2.99;
08/02/2014;2.96;22
09/02/2014;2.93;
10/02/2014;2.9;
11/02/2014;2.87;30
12/02/2014;2.83;
13/02/2014;2.8;
14/02/2014;2.77;
15/02/2014;2.75;
16/02/2014;2.73;
17/02/2014;2.71;12
18/02/2014;2.7;28
19/02/2014;2.67;12
20/02/2014;2.6;
21/02/2014;2.45;
22/02/2014;2.38;
23/02/2014;2.35;
24/02/2014;2.32;
25/02/2014;2.32;
26/02/2014;2.31;
27/02/2014;2.3;
28/02/2014;2.29;
01/03/2014;2.28;
02/03/2014;2.28;
03/03/2014;2.28;
04/03/2014;2.27;15
05/03/2014;2.26;
06/03/2014;2.27;
07/03/2014;2.27;
08/03/2014;2.27;
09/03/2014;2.25;
10/03/2014;2.26;
11/03/2014;2.25;
12/03/2014;2.25;
13/03/2014;2.25;
14/03/2014;2.25;85
15/03/2014;2.1;
16/03/2014;1.64;
17/03/2014;1.69;
18/03/2014;1.74;
19/03/2014;1.73;
20/03/2014;1.71;
21/03/2014;1.7;
22/03/2014;1.75;
23/03/2014;1.74;
24/03/2014;1.73;
25/03/2014;1.76;
26/03/2014;1.76;
27/03/2014;1.74;38
28/03/2014;1.63;
29/03/2014;1.55;
30/03/2014;1.53;38
31/03/2014;1.02;
01/04/2014;1.16;
02/04/2014;1.24;
03/04/2014;1.23;27
04/04/2014;0.67;33
05/04/2014;0.38;28
06/04/2014;0.52;
07/04/2014;0.63;
08/04/2014;0.39;
09/04/2014;0.5;
10/04/2014;0.66;
11/04/2014;0.74;
12/04/2014;0.76;
13/04/2014;0.83;
14/04/2014;0.87;
15/04/2014;0.9;
16/04/2014;0.92;
17/04/2014;0.95;
18/04/2014;1;
19/04/2014;1.02;
20/04/2014;1.07;
21/04/2014;1.07;
22/04/2014;1.1;
23/04/2014;1.11;
24/04/2014;1.14;
25/04/2014;1.16;
26/04/2014;1.17;
27/04/2014;1.18;
28/04/2014;1.2;
29/04/2014;1.22;
30/04/2014;1.22;
01/05/2014;1.22;
02/05/2014;1.25;
03/05/2014;1.28;
04/05/2014;1.28;
05/05/2014;1.29;
06/05/2014;1.3;
07/05/2014;1.31;37
08/05/2014;1.32;
09/05/2014;1.33;
10/05/2014;1.34;12
11/05/2014;1.34;
12/05/2014;1.31;
13/05/2014;1.29;
14/05/2014;1.3;
15/05/2014;1.3;
16/05/2014;1.34;11
17/05/2014;1.32;
18/05/2014;1.28;
19/05/2014;1.29;
20/05/2014;1.31;
21/05/2014;1.3;
22/05/2014;0.73;
23/05/2014;0.87;
24/05/2014;0.91;
25/05/2014;0.94;
26/05/2014;1;
27/05/2014;1.04;
28/05/2014;1.07;
29/05/2014;1.07;
30/05/2014;1.1;
31/05/2014;1.13;
01/06/2014;1.15;
02/06/2014;1.17;
03/06/2014;1.18;
04/06/2014;1.18;
05/06/2014;1.23;
06/06/2014;1.26;
07/06/2014;1.26;
08/06/2014;1.28;
09/06/2014;1.3;
10/06/2014;1.34;
11/06/2014;1.32;
12/06/2014;1.31;47
13/06/2014;0.74;
14/06/2014;0.87;
15/06/2014;0.92;
16/06/2014;0.95;
17/06/2014;1;
18/06/2014;1.06;
19/06/2014;1.08;
20/06/2014;1.07;
21/06/2014;1.09;
22/06/2014;1.1;12
23/06/2014;1.01;
24/06/2014;1.04;
25/06/2014;1.07;
26/06/2014;1.1;
27/06/2014;1.14;
28/06/2014;1.18;
29/06/2014;1.18;
30/06/2014;1.17;
01/07/2014;1.18;
02/07/2014;1.2;
03/07/2014;1.22;
04/07/2014;1.25;
05/07/2014;1.25;45
06/07/2014;0.96;
07/07/2014;0.67;
08/07/2014;0.82;
09/07/2014;0.85;
10/07/2014;0.91;
11/07/2014;0.93;
12/07/2014;0.95;12
13/07/2014;0.82;
14/07/2014;0.82;
15/07/2014;0.83;10
16/07/2014;0.75;
17/07/2014;0.84;
18/07/2014;0.9;
19/07/2014;0.92;
20/07/2014;0.95;
21/07/2014;0.97;
22/07/2014;1;
23/07/2014;1.04;
24/07/2014;1.1;
25/07/2014;1.1;
26/07/2014;1.14;
27/07/2014;1.18;
28/07/2014;1.19;
29/07/2014;1.19;
30/07/2014;1.2;
31/07/2014;1.21;38
01/08/2014;0.68;
02/08/2014;0.75;
03/08/2014;0.8;
04/08/2014;0.91;
05/08/2014;0.97;
06/08/2014;0.97;
07/08/2014;1.03;
08/08/2014;1.09;
09/08/2014;1.09;
10/08/2014;1.08;
11/08/2014;1.14;
12/08/2014;1.16;
13/08/2014;1.22;
14/08/2014;1.23;
15/08/2014;1.25;
16/08/2014;1.27;
17/08/2014;1.29;
18/08/2014;1.29;
19/08/2014;1.29;
20/08/2014;1.31;
21/08/2014;1.31;2
22/08/2014;1.32;8
23/08/2014;1.28;6
24/08/2014;1.22;
25/08/2014;1.17;22
26/08/2014;1.1;
27/08/2014;1.12;
28/08/2014;1.15;
29/08/2014;1.17;
30/08/2014;1.18;
31/08/2014;1.19;
01/09/2014;1.22;
02/09/2014;1.23;
03/09/2014;1.26;3
04/09/2014;1.28;
05/09/2014;1.27;28
06/09/2014;1;28
07/09/2014;0.73;
08/09/2014;0.83;
09/09/2014;0.85;
10/09/2014;0.91;
11/09/2014;0.99;
12/09/2014;1.03;
13/09/2014;1.07;
14/09/2014;1.11;
15/09/2014;1.13;
16/09/2014;1.17;
17/09/2014;1.2;
18/09/2014;1.22;
19/09/2014;1.24;
20/09/2014;1.27;
21/09/2014;1.32;
22/09/2014;1.31;
23/09/2014;1.33;16
24/09/2014;1.28;
25/09/2014;1.26;
26/09/2014;1.31;
27/09/2014;1.34;
28/09/2014;1.33;6
29/09/2014;1.35;
30/09/2014;1.35;
01/10/2014;1.39;
02/10/2014;1.41;
03/10/2014;1.42;
04/10/2014;1.41;
05/10/2014;1.39;
06/10/2014;1.39;
07/10/2014;1.38;
08/10/2014;1.38;
09/10/2014;1.36;
10/10/2014;1.42;
11/10/2014;1.45;
12/10/2014;1.44;
13/10/2014;1.45;
14/10/2014;1.46;
15/10/2014;1.48;
16/10/2014;1.47;
17/10/2014;1.5;
18/10/2014;1.49;
19/10/2014;1.53;
20/10/2014;1.56;
21/10/2014;1.55;
22/10/2014;1.56;
23/10/2014;1.58;
24/10/2014;1.6;
25/10/2014;1.6;
26/10/2014;1.6;
27/10/2014;1.61;
28/10/2014;1.64;
29/10/2014;1.22;
30/10/2014;1.18;
31/10/2014;1.25;
01/11/2014;1.21;
02/11/2014;1.28;
03/11/2014;1.24;
04/11/2014;0.76;
05/11/2014;0.92;
06/11/2014;1.02;
07/11/2014;1.07;
08/11/2014;1.14;
09/11/2014;1.21;
10/11/2014;1.24;
11/11/2014;1.27;
12/11/2014;1.3;
13/11/2014;1.37;
14/11/2014;1.37;
15/11/2014;1.39;
16/11/2014;1.44;
17/11/2014;1.46;
18/11/2014;1.46;
19/11/2014;1.48;
20/11/2014;1.46;
21/11/2014;1.49;
22/11/2014;1.48;
23/11/2014;1.49;
24/11/2014;1.5;
25/11/2014;1.55;
26/11/2014;1.55;
27/11/2014;1.57;
28/11/2014;1.59;
29/11/2014;1.6;
30/11/2014;1.43;
01/12/2014;1.45;
02/12/2014;1.47;
03/12/2014;1.47;
04/12/2014;1.51;
05/12/2014;1.54;
06/12/2014;1.55;
07/12/2014;1.57;
08/12/2014;1.6;
09/12/2014;1.6;
10/12/2014;1.61;
11/12/2014;1.66;
12/12/2014;1.65;
13/12/2014;1.66;
14/12/2014;1.69;
15/12/2014;1.7;
16/12/2014;1.71;
17/12/2014;1.72;
18/12/2014;1.73;
19/12/2014;1.73;
20/12/2014;1.75;
21/12/2014;1.78;
22/12/2014;1.8;
23/12/2014;1.82;
24/12/2014;1.82;
25/12/2014;1.83;
26/12/2014;1.85;
27/12/2014;1.86;
28/12/2014;1.87;
29/12/2014;1.89;
30/12/2014;1.9;
31/12/2014;1.92;
01/01/2015;1.93;
02/01/2015;1.95;
03/01/2015;1.96;
04/01/2015;1.98;
05/01/2015;1.99;
06/01/2015;2.01;
07/01/2015;2.02;
08/01/2015;2.04;
09/01/2015;2.05;
10/01/2015;2.07;
11/01/2015;2.08;
12/01/2015;2.1;
13/01/2015;2.13;
14/01/2015;2.14;
15/01/2015;2.17;
16/01/2015;2.18;
17/01/2015;2.2;
18/01/2015;2.22;
19/01/2015;2.24;
20/01/2015;2.26;
21/01/2015;2.27;
22/01/2015;2.29;
23/01/2015;2.31;
24/01/2015;2.33;
25/01/2015;2.35;
26/01/2015;2.37;
27/01/2015;2.38;
28/01/2015;2.41;
29/01/2015;2.43;
30/01/2015;2.45;
31/01/2015;2.47;
01/02/2015;2.49;
02/02/2015;2.51;
03/02/2015;2.53;
04/02/2015;2.56;
05/02/2015;2.58;
06/02/2015;2.6;
07/02/2015;2.62;
08/02/2015;2.64;
09/02/2015;2.66;
10/02/2015;2.68;
11/02/2015;2.7;
12/02/2015;2.71;
13/02/2015;2.75;
14/02/2015;2.77;
15/02/2015;2.78;
16/02/2015;2.8;
17/02/2015;2.83;
18/02/2015;2.85;
19/02/2015;2.87;
20/02/2015;2.89;
21/02/2015;2.91;
22/02/2015;2.93;
23/02/2015;2.95;
24/02/2015;2.96;
25/02/2015;2.99;
26/02/2015;3.01;
27/02/2015;3.03;
28/02/2015;3.05;
01/03/2015;3.07;
02/03/2015;3.08;
03/03/2015;3.09;
04/03/2015;3.11;
05/03/2015;3.13;
06/03/2015;3.14;
07/03/2015;3.15;
08/03/2015;3.17;
09/03/2015;3.19;
10/03/2015;3.21;
11/03/2015;3.23;
12/03/2015;3.24;
13/03/2015;3.26;
14/03/2015;3.28;
15/03/2015;3.3;
16/03/2015;3.31;
17/03/2015;3.33;
18/03/2015;3.34;
19/03/2015;3.36;
20/03/2015;3.37;
21/03/2015;3.39;
22/03/2015;3.4;
23/03/2015;3.41;
24/03/2015;3.42;
25/03/2015;3.43;
26/03/2015;3.44;
27/03/2015;3.45;
28/03/2015;3.45;
29/03/2015;3.46;
30/03/2015;3.46;
31/03/2015;3.47;
01/04/2015;3.48;
02/04/2015;3.49;
03/04/2015;3.49;
04/04/2015;3.5;
05/04/2015;3.51;
06/04/2015;3.52;
07/04/2015;3.52;
08/04/2015;3.53;
09/04/2015;3.53;
10/04/2015;3.54;
11/04/2015;3.55;
12/04/2015;3.55;
13/04/2015;3.56;
14/04/2015;3.56;
15/04/2015;3.57;
16/04/2015;3.58;
17/04/2015;3.57;
18/04/2015;3.58;
19/04/2015;3.57;
20/04/2015;3.58;
21/04/2015;3.59;
22/04/2015;3.59;
23/04/2015;3.59;
24/04/2015;3.59;
25/04/2015;3.59;
26/04/2015;3.59;
27/04/2015;3.59;
28/04/2015;3.6;
29/04/2015;3.6;
30/04/2015;3.6;
01/05/2015;3.6;
02/05/2015;3.59;
03/05/2015;3.58;
04/05/2015;3.56;
05/05/2015;3.54;
06/05/2015;3.52;
07/05/2015;3.51;
08/05/2015;3.49;
09/05/2015;3.48;
10/05/2015;3.47;
11/05/2015;3.47;
12/05/2015;3.46;
13/05/2015;3.45;
14/05/2015;3.45;
15/05/2015;3.44;
16/05/2015;3.44;
17/05/2015;3.44;
18/05/2015;3.44;
19/05/2015;3.44;
20/05/2015;3.43;
21/05/2015;3.43;
22/05/2015;3.43;
23/05/2015;3.42;
24/05/2015;3.42;
25/05/2015;3.39;
26/05/2015;3.36;
27/05/2015;3.34;
28/05/2015;3.32;
29/05/2015;3.3;
30/05/2015;3.29;
31/05/2015;3.28;
01/06/2015;3.27;
02/06/2015;3.26;
03/06/2015;3.25;
04/06/2015;3.25;
05/06/2015;3.24;
06/06/2015;3.23;
07/06/2015;3.24;
08/06/2015;3.24;
09/06/2015;3.23;
10/06/2015;3.23;
11/06/2015;3.23;
12/06/2015;3.23;
13/06/2015;3.22;
14/06/2015;3.22;
15/06/2015;3.23;
16/06/2015;3.22;
17/06/2015;3.22;
18/06/2015;3.24;
19/06/2015;3.24;
20/06/2015;3.23;
21/06/2015;3.23;
22/06/2015;3.23;
23/06/2015;3.25;
24/06/2015;3.25;
25/06/2015;3.24;
26/06/2015;3.24;
27/06/2015;3.24;
28/06/2015;3.23;
29/06/2015;3.23;
30/06/2015;3.22;
01/07/2015;3.23;
02/07/2015;3.22;
03/07/2015;3.21;
04/07/2015;3.21;
05/07/2015;3.19;
06/07/2015;3.17;
07/07/2015;3.15;
08/07/2015;3.14;
09/07/2015;3.13;
10/07/2015;3.12;
11/07/2015;3.12;
12/07/2015;3.1;
13/07/2015;3.1;
14/07/2015;3.1;
15/07/2015;3.1;
16/07/2015;3.09;
17/07/2015;3.09;
18/07/2015;3.08;
19/07/2015;3.08;
20/07/2015;3.09;
21/07/2015;3.09;
22/07/2015;3.08;
23/07/2015;3.08;
24/07/2015;3.08;
25/07/2015;3.08;
26/07/2015;3.07;
27/07/2015;3.07;
28/07/2015;3.06;
29/07/2015;3.07;
30/07/2015;3.08;
31/07/2015;3.06;
01/08/2015;3.06;
02/08/2015;3.03;
03/08/2015;3.01;
04/08/2015;3;
05/08/2015;2.97;
06/08/2015;2.95;
07/08/2015;2.92;
08/08/2015;2.88;
09/08/2015;2.83;
10/08/2015;2.38;
11/08/2015;1.84;
12/08/2015;1.83;
13/08/2015;1.81;
14/08/2015;1.67;
15/08/2015;1.59;
16/08/2015;1.61;
17/08/2015;1.59;
18/08/2015;1.58;
19/08/2015;1.6;
20/08/2015;1.6;
21/08/2015;1.59;
22/08/2015;1.56;
23/08/2015;1.58;
24/08/2015;1.62;
25/08/2015;1.6;
26/08/2015;1.59;
27/08/2015;1.6;
28/08/2015;1.61;
29/08/2015;1.6;
30/08/2015;1.63;
31/08/2015;1.63;
01/09/2015;1.69;
02/09/2015;1.67;
03/09/2015;1.67;
04/09/2015;1.67;
05/09/2015;1.69;
06/09/2015;1.68;
07/09/2015;1.69;
08/09/2015;1.69;
09/09/2015;1.71;
10/09/2015;1.72;
11/09/2015;1.74;
12/09/2015;1.75;
13/09/2015;1.76;
14/09/2015;1.77;
15/09/2015;1.76;
16/09/2015;1.8;
17/09/2015;1.81;
18/09/2015;1.83;
19/09/2015;1.84;
20/09/2015;1.85;
21/09/2015;1.86;
22/09/2015;1.87;
23/09/2015;1.87;
24/09/2015;1.86;
25/09/2015;1.88;
26/09/2015;1.89;
27/09/2015;1.89;
28/09/2015;1.88;
29/09/2015;1.9;
30/09/2015;1.92;
01/10/2015;1.92;
02/10/2015;1.93;
03/10/2015;1.94;
04/10/2015;1.95;
05/10/2015;1.95;
06/10/2015;1.95;
07/10/2015;1.94;
08/10/2015;1.96;
09/10/2015;1.98;
10/10/2015;1.99;
11/10/2015;1.99;
12/10/2015;1.99;
13/10/2015;1.99;
14/10/2015;2;
15/10/2015;1.98;
16/10/2015;2.02;
17/10/2015;2.04;
18/10/2015;2.04;
19/10/2015;2.03;
20/10/2015;2.02;
21/10/2015;2.04;
22/10/2015;2.05;
23/10/2015;2.07;
24/10/2015;2.08;
25/10/2015;2.08;
26/10/2015;2.08;
27/10/2015;2.09;
28/10/2015;2.1;
29/10/2015;2.1;
30/10/2015;2.11;
31/10/2015;2.12;
01/11/2015;2.12;
02/11/2015;2.13;
03/11/2015;2.13;
04/11/2015;2.15;
05/11/2015;2.15;
06/11/2015;2.16;
07/11/2015;2.16;
08/11/2015;2.17;
09/11/2015;2.18;
10/11/2015;2.18;
11/11/2015;2.2;
12/11/2015;2.2;
13/11/2015;2.19;
14/11/2015;2.21;
15/11/2015;2.21;
16/11/2015;2.21;
17/11/2015;2.21;
18/11/2015;2.22;
19/11/2015;2.2;
20/11/2015;2.22;
21/11/2015;2.22;
22/11/2015;2.23;
23/11/2015;2.24;
24/11/2015;2.24;
25/11/2015;2.25;
26/11/2015;2.26;
27/11/2015;2.26;
28/11/2015;2.25;
29/11/2015;2.27;
30/11/2015;2.28;
01/12/2015;2.28;
02/12/2015;2.29;
03/12/2015;2.29;
04/12/2015;2.3;
05/12/2015;2.3;
06/12/2015;2.31;
07/12/2015;2.31;
08/12/2015;2.31;
09/12/2015;2.32;
10/12/2015;2.33;
11/12/2015;2.33;
12/12/2015;2.34;
13/12/2015;2.35;
14/12/2015;2.36;
15/12/2015;2.37;
16/12/2015;2.38;
17/12/2015;2.38;
18/12/2015;2.38;
19/12/2015;2.4;
20/12/2015;2.4;
21/12/2015;2.4;
22/12/2015;2.4;
23/12/2015;2.4;
24/12/2015;2.41;
25/12/2015;2.42;
26/12/2015;2.42;
27/12/2015;2.42;
28/12/2015;2.42;
29/12/2015;2.43;
30/12/2015;2.43;
31/12/2015;2.44;
01/01/2016;2.45;
02/01/2016;2.45;
03/01/2016;2.46;
04/01/2016;2.46;
05/01/2016;2.47;
06/01/2016;2.48;
07/01/2016;2.48;
08/01/2016;2.49;
09/01/2016;2.49;
10/01/2016;2.5;
11/01/2016;2.5;
12/01/2016;2.51;
13/01/2016;2.52;
14/01/2016;2.53;
15/01/2016;2.53;
16/01/2016;2.55;
17/01/2016;2.55;
18/01/2016;2.57;
19/01/2016;2.58;
20/01/2016;2.58;
21/01/2016;2.59;
22/01/2016;2.6;
23/01/2016;2.61;
24/01/2016;2.62;
25/01/2016;2.62;
26/01/2016;2.64;
27/01/2016;2.65;
28/01/2016;2.66;
29/01/2016;2.67;
30/01/2016;2.68;
31/01/2016;2.69;
01/02/2016;2.7;
02/02/2016;2.71;
03/02/2016;2.72;
04/02/2016;2.73;
05/02/2016;2.74;
06/02/2016;2.76;
07/02/2016;2.76;
08/02/2016;2.77;
09/02/2016;2.78;
10/02/2016;2.79;
11/02/2016;2.79;
12/02/2016;2.8;
13/02/2016;2.79;
14/02/2016;2.81;
15/02/2016;2.81;
16/02/2016;2.81;
17/02/2016;2.81;
18/02/2016;2.82;
19/02/2016;2.82;
20/02/2016;2.82;
21/02/2016;2.82;
22/02/2016;2.82;
23/02/2016;2.83;
24/02/2016;2.83;
25/02/2016;2.84;
26/02/2016;2.84;
27/02/2016;2.84;
28/02/2016;2.85;
29/02/2016;2.86;
01/03/2016;2.87;
02/03/2016;2.88;
03/03/2016;2.88;
04/03/2016;2.88;
05/03/2016;2.89;
06/03/2016;2.9;
07/03/2016;2.91;
08/03/2016;2.92;
09/03/2016;2.92;
10/03/2016;2.94;
11/03/2016;2.94;
12/03/2016;2.95;
13/03/2016;2.97;
14/03/2016;2.97;
15/03/2016;2.98;
16/03/2016;2.99;
17/03/2016;3;
18/03/2016;3.01;
19/03/2016;3.03;
20/03/2016;3.04;
21/03/2016;3.05;
22/03/2016;3.05;
23/03/2016;3.06;
24/03/2016;3.06;
25/03/2016;3.08;
26/03/2016;3.09;
27/03/2016;3.09;
28/03/2016;3.1;
29/03/2016;3.1;
30/03/2016;3.11;
31/03/2016;3.12;
01/04/2016;3.13;
02/04/2016;3.13;
03/04/2016;3.14;
04/04/2016;3.15;
05/04/2016;3.15;
06/04/2016;3.15;
07/04/2016;3.15;
08/04/2016;3.15;
09/04/2016;3.15;
10/04/2016;3.16;
11/04/2016;3.16;
12/04/2016;3.16;
13/04/2016;3.15;
14/04/2016;3.14;
15/04/2016;3.14;
16/04/2016;3.14;
17/04/2016;3.16;
18/04/2016;3.16;
19/04/2016;3.15;
20/04/2016;3.14;
21/04/2016;3.13;
22/04/2016;3.13;
23/04/2016;3.11;
24/04/2016;3.11;
25/04/2016;3.11;
26/04/2016;3.11;
27/04/2016;3.11;
28/04/2016;3.1;
29/04/2016;3.1;
30/04/2016;3.11;
01/05/2016;3.1;
02/05/2016;3.1;
03/05/2016;3.11;
04/05/2016;3.1;
05/05/2016;3.1;
06/05/2016;3.11;
07/05/2016;3.11;
08/05/2016;3.11;
09/05/2016;3.1;
10/05/2016;3.11;
11/05/2016;3.12;
12/05/2016;3.12;
13/05/2016;3.12;
14/05/2016;3.12;
15/05/2016;3.11;
16/05/2016;3.12;
17/05/2016;3.13;
18/05/2016;3.13;
19/05/2016;3.13;
20/05/2016;3.13;
21/05/2016;3.14;
22/05/2016;3.14;
23/05/2016;3.14;
24/05/2016;3.15;
25/05/2016;3.15;
26/05/2016;3.15;
27/05/2016;3.16;
28/05/2016;3.16;
29/05/2016;3.15;
30/05/2016;3.14;
31/05/2016;3.14;
01/06/2016;3.14;
02/06/2016;3.15;
03/06/2016;3.15;
04/06/2016;3.15;
05/06/2016;3.15;
06/06/2016;3.14;
07/06/2016;3.14;
08/06/2016;3.15;
09/06/2016;3.15;
10/06/2016;3.16;
11/06/2016;3.16;
12/06/2016;3.16;
13/06/2016;3.16;
