Fecha;Prof NF (metros);Las Flores Precip (mm)
01/02/2007;;
02/02/2007;;
03/02/2007;;
04/02/2007;;13
05/02/2007;3.01;
06/02/2007;3.01;0
07/02/2007;3.04;0
08/02/2007;3.05;3
09/02/2007;3.06;0
10/02/2007;3.08;0
11/02/2007;3.09;0
12/02/2007;3.1;0
13/02/2007;3.1;0
14/02/2007;3.13;0
15/02/2007;3.14;23
16/02/2007;3.15;4
17/02/2007;3.16;0
18/02/2007;3.17;0
19/02/2007;3.18;0
20/02/2007;3.19;0
21/02/2007;3.2;0
22/02/2007;3.21;0
23/02/2007;3.21;0
24/02/2007;3.21;0.4
25/02/2007;3.22;12
26/02/2007;3.24;42
27/02/2007;3.25;0.1
28/02/2007;3.21;18
01/03/2007;3.2;15
02/03/2007;3.12;0
03/03/2007;3.04;0.2
04/03/2007;3;0
05/03/2007;2.98;0
06/03/2007;2.97;0
07/03/2007;2.98;9
08/03/2007;2.98;7
09/03/2007;2.95;0
10/03/2007;2.91;0
11/03/2007;2.91;0
12/03/2007;2.9;0
13/03/2007;2.91;0
14/03/2007;2.91;0
15/03/2007;2.91;0
16/03/2007;2.92;3
17/03/2007;2.93;0
18/03/2007;2.93;0
19/03/2007;2.94;0
20/03/2007;2.94;0
21/03/2007;2.94;0
22/03/2007;2.95;56
23/03/2007;2.91;0
24/03/2007;2.73;0
25/03/2007;2.58;0
26/03/2007;2.51;62
27/03/2007;2.47;0
28/03/2007;2.24;2
29/03/2007;2.15;12
30/03/2007;2.1;19
31/03/2007;2.07;0
01/04/2007;2.04;2
02/04/2007;2.01;0
03/04/2007;1.98;0
04/04/2007;1.97;0
05/04/2007;1.97;0
06/04/2007;1.97;0
07/04/2007;1.97;0
08/04/2007;1.98;0
09/04/2007;1.98;5
10/04/2007;1.98;11
11/04/2007;1.99;18
12/04/2007;1.98;0
13/04/2007;1.96;0
14/04/2007;1.96;0.6
15/04/2007;1.97;0
16/04/2007;1.98;0.2
17/04/2007;1.97;0.6
18/04/2007;1.98;0
19/04/2007;1.99;2
20/04/2007;1.99;1
21/04/2007;2;3
22/04/2007;2;22
23/04/2007;1.96;0
24/04/2007;1.93;0
25/04/2007;1.91;0
26/04/2007;1.91;0
27/04/2007;1.92;0
28/04/2007;1.92;0
29/04/2007;1.93;0
30/04/2007;1.93;12
01/05/2007;1.93;11
02/05/2007;1.93;0
03/05/2007;1.93;12
04/05/2007;1.92;0
05/05/2007;1.89;0
06/05/2007;;0
07/05/2007;;0
08/05/2007;;0
09/05/2007;;0
10/05/2007;;0
11/05/2007;;0
12/05/2007;;0
13/05/2007;;0
14/05/2007;;0
15/05/2007;;0.1
16/05/2007;;0
17/05/2007;1.88;0
18/05/2007;1.88;0
19/05/2007;1.89;0
20/05/2007;1.87;0
21/05/2007;1.88;0
22/05/2007;1.89;0
23/05/2007;1.91;0
24/05/2007;1.92;0
25/05/2007;1.91;0
26/05/2007;1.92;0
27/05/2007;1.93;0
28/05/2007;1.93;0.7
29/05/2007;1.93;0
30/05/2007;1.94;0
31/05/2007;1.94;0
01/06/2007;1.94;0
02/06/2007;1.95;0
03/06/2007;1.96;0
04/06/2007;1.97;0
05/06/2007;1.96;0
06/06/2007;1.97;0
07/06/2007;1.97;0
08/06/2007;1.98;0
09/06/2007;1.98;0
10/06/2007;1.98;0
11/06/2007;1.98;0
12/06/2007;2.01;0.3
13/06/2007;1.99;0
14/06/2007;2;14
15/06/2007;1.99;0
16/06/2007;1.99;0
17/06/2007;2;0
18/06/2007;2;0
19/06/2007;1.98;0
20/06/2007;1.99;0.1
21/06/2007;2.01;0
22/06/2007;2.01;0.6
23/06/2007;2.01;0
24/06/2007;2.01;0
25/06/2007;2.01;0
26/06/2007;2.03;0
27/06/2007;2.03;0
28/06/2007;2.04;0
29/06/2007;2.03;0
30/06/2007;2.05;0
01/07/2007;2.03;0
02/07/2007;2.04;0
03/07/2007;2.03;0
04/07/2007;2.03;0
05/07/2007;2.04;0
06/07/2007;2.05;0
07/07/2007;2.05;0
08/07/2007;2.05;0
09/07/2007;2.05;0
10/07/2007;2.04;0
11/07/2007;2.03;0
12/07/2007;2.03;0
13/07/2007;2.04;0
14/07/2007;2.07;0
15/07/2007;2.06;0
16/07/2007;2.08;0
17/07/2007;2.1;0
18/07/2007;2.08;0
19/07/2007;2.12;0
20/07/2007;2.16;0
21/07/2007;2.17;10
22/07/2007;2.17;10
23/07/2007;2.17;0
24/07/2007;2.17;0
25/07/2007;2.18;0
26/07/2007;2.18;0
27/07/2007;2.19;0
28/07/2007;2.2;0
29/07/2007;2.19;0
30/07/2007;2.19;0
31/07/2007;2.19;0.1
01/08/2007;2.19;0.2
02/08/2007;2.2;2
03/08/2007;2.2;4
04/08/2007;2.2;0
05/08/2007;2.2;0
06/08/2007;2.2;0
07/08/2007;2.2;0
08/08/2007;2.21;0
09/08/2007;2.21;0
10/08/2007;2.21;0
11/08/2007;2.22;0
12/08/2007;2.22;6
13/08/2007;2.22;0
14/08/2007;2.21;0
15/08/2007;2.22;0
16/08/2007;2.23;0
17/08/2007;2.23;0
18/08/2007;2.23;0
19/08/2007;2.23;0
20/08/2007;2.23;0
21/08/2007;2.23;0
22/08/2007;2.23;0
23/08/2007;2.22;0
24/08/2007;2.23;0
25/08/2007;2.24;0.2
26/08/2007;2.24;5
27/08/2007;2.24;0
28/08/2007;2.24;0
29/08/2007;2.25;0
30/08/2007;2.25;0
31/08/2007;2.25;0
01/09/2007;2.25;0
02/09/2007;2.25;0
03/09/2007;2.25;0
04/09/2007;2.24;0
05/09/2007;2.26;0
06/09/2007;2.26;0
07/09/2007;2.26;9
08/09/2007;2.26;0
09/09/2007;2.26;4
10/09/2007;2.26;8
11/09/2007;2.27;9
12/09/2007;2.27;23
13/09/2007;2.26;50
14/09/2007;2.25;1
15/09/2007;2.21;0.3
16/09/2007;2.14;0
17/09/2007;2.08;11
18/09/2007;;10
19/09/2007;;0
20/09/2007;;0
21/09/2007;;0
22/09/2007;;0
23/09/2007;;0.2
24/09/2007;;0
25/09/2007;;0
26/09/2007;;0
27/09/2007;;0
28/09/2007;;0
29/09/2007;;0
30/09/2007;;0.1
01/10/2007;;48
02/10/2007;;26
03/10/2007;;0
04/10/2007;;0
05/10/2007;;0
06/10/2007;;0
07/10/2007;;0
08/10/2007;;20
09/10/2007;;14
10/10/2007;;0.1
11/10/2007;;5
12/10/2007;;13
13/10/2007;;0
14/10/2007;;0
15/10/2007;;0
16/10/2007;;0
17/10/2007;;0
18/10/2007;;0
19/10/2007;;20
20/10/2007;;0
21/10/2007;;0
22/10/2007;;0
23/10/2007;;0
24/10/2007;;0.3
25/10/2007;;11
26/10/2007;;0
27/10/2007;;0
28/10/2007;;0
29/10/2007;;0
30/10/2007;;7
31/10/2007;;0
01/11/2007;;0
02/11/2007;;0
03/11/2007;;0
04/11/2007;;0
05/11/2007;;0
06/11/2007;;0
07/11/2007;;9
08/11/2007;;0
09/11/2007;;1
10/11/2007;;4
11/11/2007;;0
12/11/2007;;0.1
13/11/2007;;0
14/11/2007;;0
15/11/2007;;0
16/11/2007;;0
17/11/2007;;7
18/11/2007;;0
19/11/2007;;0
20/11/2007;;0
21/11/2007;;0
22/11/2007;;20
23/11/2007;;0
24/11/2007;;0
25/11/2007;;0
26/11/2007;;0
27/11/2007;;0
28/11/2007;;0
29/11/2007;;0
30/11/2007;;0
01/12/2007;;0
02/12/2007;;0
03/12/2007;;3
04/12/2007;;7
05/12/2007;;0
06/12/2007;;0
07/12/2007;;0
08/12/2007;;0
09/12/2007;;26
10/12/2007;;0
11/12/2007;;0
12/12/2007;;0
13/12/2007;;1
14/12/2007;;0.7
15/12/2007;;0
16/12/2007;;0
17/12/2007;;0
18/12/2007;;0
19/12/2007;;0
20/12/2007;;0
21/12/2007;;0
22/12/2007;;0
23/12/2007;;0
24/12/2007;;0
25/12/2007;;0
26/12/2007;;0
27/12/2007;;0
28/12/2007;;27
29/12/2007;;0
30/12/2007;;0
31/12/2007;;0
01/01/2008;;3
02/01/2008;;5
03/01/2008;;S/P
04/01/2008;;S/P
05/01/2008;;S/P
06/01/2008;;5
07/01/2008;;S/P
08/01/2008;;S/P
09/01/2008;;2
10/01/2008;;S/P
11/01/2008;;S/P
12/01/2008;;S/P
13/01/2008;;S/P
14/01/2008;;S/P
15/01/2008;;S/P
16/01/2008;;S/P
17/01/2008;;S/P
18/01/2008;;1
19/01/2008;;S/P
20/01/2008;;S/P
21/01/2008;;S/P
22/01/2008;;S/P
23/01/2008;;S/P
24/01/2008;;S/P
25/01/2008;;S/P
26/01/2008;;S/P
27/01/2008;;S/P
28/01/2008;;2
29/01/2008;;14
30/01/2008;;S/P
31/01/2008;;S/P
01/02/2008;;S/P
02/02/2008;;S/P
03/02/2008;;S/P
04/02/2008;;S/P
05/02/2008;;S/P
06/02/2008;;S/P
07/02/2008;;0.5
08/02/2008;;70
09/02/2008;;S/P
10/02/2008;;S/P
11/02/2008;;S/P
12/02/2008;;S/P
13/02/2008;;S/P
14/02/2008;;S/P
15/02/2008;;19.1
16/02/2008;;S/P
17/02/2008;;S/P
18/02/2008;;27.5
19/02/2008;;S/P
20/02/2008;;S/P
21/02/2008;;44.9
22/02/2008;;0.4
23/02/2008;;8.4
24/02/2008;;1.1
25/02/2008;;1.1
26/02/2008;;2.4
27/02/2008;;S/P
28/02/2008;;11
29/02/2008;;13.6
01/03/2008;;12
02/03/2008;;17
03/03/2008;;8
04/03/2008;;6
05/03/2008;;7
06/03/2008;;1
07/03/2008;;S/P
08/03/2008;;0.5
09/03/2008;;0.1
10/03/2008;;S/P
11/03/2008;;S/P
12/03/2008;;S/P
13/03/2008;;0.3
14/03/2008;;S/P
15/03/2008;;S/P
16/03/2008;;S/P
17/03/2008;;S/P
18/03/2008;;S/P
19/03/2008;;22
20/03/2008;;S/P
21/03/2008;;66
22/03/2008;;S/P
23/03/2008;;S/P
24/03/2008;;S/P
25/03/2008;;30
26/03/2008;;0.8
27/03/2008;;S/P
28/03/2008;;S/P
29/03/2008;;S/P
30/03/2008;;0.2
31/03/2008;;S/P
01/04/2008;;8
02/04/2008;;S/P
03/04/2008;;S/P
04/04/2008;;S/P
05/04/2008;;S/P
06/04/2008;;S/P
07/04/2008;;S/P
08/04/2008;;S/P
09/04/2008;;S/P
10/04/2008;;S/P
11/04/2008;;7
12/04/2008;;S/P
13/04/2008;;S/P
14/04/2008;;S/P
15/04/2008;;S/P
16/04/2008;;S/P
17/04/2008;;S/P
18/04/2008;;S/P
19/04/2008;;S/P
20/04/2008;;S/P
21/04/2008;;S/P
22/04/2008;;S/P
23/04/2008;;S/P
24/04/2008;;S/P
25/04/2008;;S/P
26/04/2008;;S/P
27/04/2008;;S/P
28/04/2008;;S/P
29/04/2008;2.54;S/P
30/04/2008;2.57;S/P
01/05/2008;2.59;S/P
02/05/2008;2.61;S/P
03/05/2008;2.61;S/P
04/05/2008;2.62;S/P
05/05/2008;2.63;S/P
06/05/2008;2.64;S/P
07/05/2008;2.64;S/P
08/05/2008;2.65;S/P
09/05/2008;2.66;S/P
10/05/2008;2.67;S/P
11/05/2008;2.68;S/P
12/05/2008;2.69;S/P
13/05/2008;2.7;S/P
14/05/2008;2.7;S/P
15/05/2008;2.71;S/P
16/05/2008;2.72;S/P
17/05/2008;2.72;0.1
18/05/2008;2.73;S/P
19/05/2008;2.73;S/P
20/05/2008;2.74;S/P
21/05/2008;2.75;3
22/05/2008;2.75;S/P
23/05/2008;2.75;7
24/05/2008;2.76;S/P
25/05/2008;2.77;S/P
26/05/2008;2.77;1
27/05/2008;2.76;3
28/05/2008;2.77;S/P
29/05/2008;2.77;S/P
30/05/2008;2.78;S/P
31/05/2008;2.78;S/P
01/06/2008;2.79;S/P
02/06/2008;2.79;S/P
03/06/2008;2.79;S/P
04/06/2008;2.78;S/P
05/06/2008;2.78;S/P
06/06/2008;2.79;S/P
07/06/2008;2.8;S/P
08/06/2008;2.8;7
09/06/2008;2.8;S/D
10/06/2008;2.8;S/P
11/06/2008;2.8;S/P
12/06/2008;2.81;S/P
13/06/2008;2.81;S/P
14/06/2008;2.8;S/P
15/06/2008;2.82;S/P
16/06/2008;2.83;S/P
17/06/2008;2.83;S/P
18/06/2008;2.83;S/P
19/06/2008;2.84;49
20/06/2008;2.84;10
21/06/2008;2.82;S/P
22/06/2008;2.81;S/P
23/06/2008;2.81;S/P
24/06/2008;2.81;S/P
25/06/2008;2.8;S/P
26/06/2008;2.8;S/P
27/06/2008;2.8;S/P
28/06/2008;2.8;S/P
29/06/2008;2.8;S/P
30/06/2008;2.8;S/P
01/07/2008;2.8;S/P
02/07/2008;2.81;S/P
03/07/2008;2.81;S/P
04/07/2008;2.81;S/P
05/07/2008;2.8;0.6
06/07/2008;2.81;25
07/07/2008;2.81;0.6
08/07/2008;2.79;S/P
09/07/2008;2.77;S/P
10/07/2008;2.76;S/P
11/07/2008;2.75;9
12/07/2008;2.74;3
13/07/2008;2.74;S/P
14/07/2008;2.74;S/P
15/07/2008;2.73;S/P
16/07/2008;2.73;S/P
17/07/2008;2.72;S/P
18/07/2008;2.73;S/P
19/07/2008;2.73;S/P
20/07/2008;2.73;2
21/07/2008;2.72;5
22/07/2008;2.71;S/P
23/07/2008;2.7;0.7
24/07/2008;2.69;S/P
25/07/2008;2.68;S/P
26/07/2008;2.68;S/P
27/07/2008;2.67;S/P
28/07/2008;2.67;S/P
29/07/2008;2.67;S/P
30/07/2008;2.67;S/P
31/07/2008;2.67;S/P
01/08/2008;2.67;4
02/08/2008;2.66;
03/08/2008;2.67;S/P
04/08/2008;2.66;4
05/08/2008;2.66;S/P
06/08/2008;2.66;S/P
07/08/2008;2.66;S/P
08/08/2008;2.67;S/P
09/08/2008;2.67;S/P
10/08/2008;2.66;S/P
11/08/2008;2.66;S/P
12/08/2008;2.66;S/P
13/08/2008;2.67;S/P
14/08/2008;2.67;S/P
15/08/2008;2.67;S/P
16/08/2008;2.66;S/P
17/08/2008;2.67;S/P
18/08/2008;2.68;S/P
19/08/2008;2.69;15
20/08/2008;2.68;0.3
21/08/2008;2.68;S/P
22/08/2008;2.69;S/P
23/08/2008;2.69;S/P
24/08/2008;2.69;S/P
25/08/2008;2.69;S/P
26/08/2008;2.69;S/P
27/08/2008;2.68;14
28/08/2008;2.69;S/P
29/08/2008;2.69;S/P
30/08/2008;2.69;S/P
31/08/2008;2.68;S/P
01/09/2008;2.68;S/P
02/09/2008;2.68;S/P
03/09/2008;2.69;S/P
04/09/2008;2.7;S/P
05/09/2008;2.7;S/P
06/09/2008;2.7;S/P
07/09/2008;2.7;S/P
08/09/2008;2.71;S/P
09/09/2008;2.71;S/P
10/09/2008;2.71;S/P
11/09/2008;2.71;S/P
12/09/2008;2.72;S/P
13/09/2008;2.72;S/P
14/09/2008;2.72;S/P
15/09/2008;2.73;S/P
16/09/2008;2.73;S/P
17/09/2008;2.73;S/P
18/09/2008;2.73;S/P
19/09/2008;2.74;S/P
20/09/2008;2.74;1
21/09/2008;2.74;S/P
22/09/2008;2.75;S/P
23/09/2008;2.75;S/P
24/09/2008;2.75;S/P
25/09/2008;2.76;S/P
26/09/2008;2.76;S/P
27/09/2008;2.76;0.5
28/09/2008;2.77;11
29/09/2008;2.77;S/P
30/09/2008;2.78;0.1
01/10/2008;2.78;12
02/10/2008;2.77;S/P
03/10/2008;2.77;2
04/10/2008;2.77;S/P
05/10/2008;2.77;S/P
06/10/2008;2.76;S/P
07/10/2008;2.77;S/P
08/10/2008;2.78;S/P
09/10/2008;2.77;S/P
10/10/2008;2.76;S/P
11/10/2008;2.77;20
12/10/2008;2.78;1
13/10/2008;2.78;S/P
14/10/2008;2.79;S/P
15/10/2008;2.79;S/P
16/10/2008;2.79;S/P
17/10/2008;2.79;S/P
18/10/2008;2.79;S/P
19/10/2008;2.8;S/P
20/10/2008;2.8;16
21/10/2008;2.81;12
22/10/2008;2.81;S/P
23/10/2008;2.82;S/P
24/10/2008;2.82;S/P
25/10/2008;2.82;S/P
26/10/2008;2.82;S/P
27/10/2008;2.83;S/P
28/10/2008;2.84;7
29/10/2008;2.84;S/P
30/10/2008;2.84;S/P
31/10/2008;2.85;S/P
01/11/2008;2.85;0.6
02/11/2008;2.86;S/P
03/11/2008;2.86;2
04/11/2008;2.87;S/P
05/11/2008;2.88;S/P
06/11/2008;2.88;S/P
07/11/2008;2.9;S/P
08/11/2008;2.9;S/P
09/11/2008;2.92;1.1
10/11/2008;2.93;S/P
11/11/2008;2.94;S/P
12/11/2008;2.95;S/P
13/11/2008;2.96;S/P
14/11/2008;2.97;8
15/11/2008;2.98;S/P
16/11/2008;3;S/P
17/11/2008;3;2
18/11/2008;3.02;S/P
19/11/2008;3.03;S/P
20/11/2008;3.04;S/P
21/11/2008;3.05;S/P
22/11/2008;3.06;S/P
23/11/2008;3.07;S/P
24/11/2008;3.08;S/P
25/11/2008;3.1;S/P
26/11/2008;3.11;25
27/11/2008;3.13;17
28/11/2008;3.14;S/P
29/11/2008;3.15;S/P
30/11/2008;3.16;S/P
01/12/2008;3.17;S/P
02/12/2008;3.18;S/P
03/12/2008;3.19;S/P
04/12/2008;3.2;S/P
05/12/2008;3.21;S/P
06/12/2008;3.22;S/P
07/12/2008;3.23;0.4
08/12/2008;3.24;S/P
09/12/2008;3.25;S/P
10/12/2008;3.27;S/P
11/12/2008;3.28;S/D
12/12/2008;3.29;S/P
13/12/2008;3.3;S/P
14/12/2008;3.31;S/P
15/12/2008;3.33;S/P
16/12/2008;3.34;S/P
17/12/2008;3.35;S/P
18/12/2008;3.37;S/P
19/12/2008;3.38;1
20/12/2008;3.39;4
21/12/2008;3.4;5
22/12/2008;3.42;S/P
23/12/2008;3.43;S/P
24/12/2008;3.44;S/P
25/12/2008;3.46;S/P
26/12/2008;3.47;S/P
27/12/2008;3.48;0.1
28/12/2008;3.49;S/P
29/12/2008;3.5;S/P
30/12/2008;3.52;2
31/12/2008;3.53;S/D
01/01/2009;3.54;S/P
02/01/2009;3.55;S/P
03/01/2009;3.56;S/P
04/01/2009;3.57;S/P
05/01/2009;3.58;3
06/01/2009;3.59;S/D
07/01/2009;3.6;S/P
08/01/2009;3.61;S/P
09/01/2009;3.62;S/P
10/01/2009;3.63;S/P
11/01/2009;3.64;S/P
12/01/2009;3.66;S/P
13/01/2009;3.66;S/P
14/01/2009;3.68;2
15/01/2009;3.69;S/P
16/01/2009;3.7;S/P
17/01/2009;3.71;S/P
18/01/2009;3.72;S/P
19/01/2009;3.73;S/P
20/01/2009;3.74;S/P
21/01/2009;3.74;S/P
22/01/2009;3.75;S/P
23/01/2009;3.76;S/P
24/01/2009;3.77;8
25/01/2009;3.78;S/P
26/01/2009;3.79;S/P
27/01/2009;3.8;S/P
28/01/2009;3.81;S/P
29/01/2009;3.82;S/P
30/01/2009;3.83;S/P
31/01/2009;3.83;S/P
01/02/2009;3.84;S/P
02/02/2009;3.85;40
03/02/2009;3.86;S/P
04/02/2009;3.87;S/P
05/02/2009;3.88;S/P
06/02/2009;3.88;S/P
07/02/2009;3.89;S/P
08/02/2009;3.9;2
09/02/2009;3.9;S/P
10/02/2009;3.91;S/D
11/02/2009;3.92;S/P
12/02/2009;3.92;S/P
13/02/2009;3.93;S/P
14/02/2009;3.94;0.1
15/02/2009;3.94;S/P
16/02/2009;3.95;7
17/02/2009;3.95;S/P
18/02/2009;3.96;S/P
19/02/2009;3.97;S/P
20/02/2009;3.97;5
21/02/2009;3.98;3
22/02/2009;3.99;11
23/02/2009;3.99;S/P
24/02/2009;4;S/D
25/02/2009;4.01;S/P
26/02/2009;4.01;S/P
27/02/2009;4.02;S/P
28/02/2009;4.03;S/P
01/03/2009;4.03;15
02/03/2009;4.03;S/P
03/03/2009;4.04;31
04/03/2009;3.98;37
05/03/2009;3.92;S/P
06/03/2009;3.86;S/P
07/03/2009;3.84;S/P
08/03/2009;3.83;S/P
09/03/2009;3.83;0.2
10/03/2009;3.83;S/P
11/03/2009;3.83;2
12/03/2009;3.84;S/P
13/03/2009;3.84;S/P
14/03/2009;3.85;S/P
15/03/2009;3.86;S/P
16/03/2009;3.86;S/P
17/03/2009;3.87;S/P
18/03/2009;3.87;S/P
19/03/2009;3.88;S/P
20/03/2009;3.89;S/P
21/03/2009;3.9;8
22/03/2009;3.91;S/P
23/03/2009;3.92;S/P
24/03/2009;3.93;S/P
25/03/2009;3.94;S/P
26/03/2009;3.95;S/P
27/03/2009;3.96;S/P
28/03/2009;3.96;S/P
29/03/2009;3.97;0.4
30/03/2009;3.99;8
31/03/2009;4;S/P
01/04/2009;4.01;0.6
02/04/2009;4.02;S/P
03/04/2009;4.03;43
04/04/2009;4.03;S/P
05/04/2009;4.01;S/P
06/04/2009;4.01;S/P
07/04/2009;4.02;S/P
08/04/2009;4.03;S/P
09/04/2009;4.03;S/P
10/04/2009;4.03;S/P
11/04/2009;4.03;S/P
12/04/2009;4.04;S/P
13/04/2009;4.04;S/P
14/04/2009;4.04;S/P
15/04/2009;4.05;S/P
16/04/2009;4.05;S/P
17/04/2009;4.05;15
18/04/2009;4.05;S/P
19/04/2009;4.06;S/P
20/04/2009;4.06;S/P
21/04/2009;4.07;S/P
22/04/2009;4.07;S/P
23/04/2009;4.07;S/P
24/04/2009;4.07;S/P
25/04/2009;4.08;S/P
26/04/2009;4.08;S/P
27/04/2009;4.08;S/P
28/04/2009;4.08;S/P
29/04/2009;4.09;S/P
30/04/2009;4.09;S/P
01/05/2009;4.09;S/P
02/05/2009;4.1;S/P
03/05/2009;4.1;S/P
04/05/2009;4.1;S/P
05/05/2009;4.11;S/P
06/05/2009;4.11;S/P
07/05/2009;4.11;S/P
08/05/2009;4.12;S/P
09/05/2009;4.12;S/P
10/05/2009;4.12;S/P
11/05/2009;4.13;1
12/05/2009;4.13;7
13/05/2009;4.13;1
14/05/2009;4.14;S/P
15/05/2009;4.14;S/P
16/05/2009;4.14;S/D
17/05/2009;4.15;S/P
18/05/2009;4.15;S/P
19/05/2009;4.15;S/P
20/05/2009;4.16;S/P
21/05/2009;4.16;S/P
22/05/2009;4.16;0.1
23/05/2009;4.16;23
24/05/2009;4.17;34
25/05/2009;4.17;12
26/05/2009;3.85;S/P
27/05/2009;3.73;S/P
28/05/2009;3.71;S/P
29/05/2009;3.69;S/P
30/05/2009;3.68;S/P
31/05/2009;3.67;S/P
01/06/2009;3.68;S/D
02/06/2009;3.68;S/D
03/06/2009;3.68;S/P
04/06/2009;3.68;S/P
05/06/2009;3.68;S/P
06/06/2009;3.69;S/P
07/06/2009;3.69;S/P
08/06/2009;3.69;S/P
09/06/2009;3.69;S/P
10/06/2009;3.68;S/P
11/06/2009;3.69;S/P
12/06/2009;3.69;S/P
13/06/2009;3.68;S/P
14/06/2009;3.68;S/P
15/06/2009;3.68;S/P
16/06/2009;3.69;S/P
17/06/2009;3.68;S/P
18/06/2009;3.68;S/D
19/06/2009;3.68;S/P
20/06/2009;3.68;S/P
21/06/2009;3.69;S/P
22/06/2009;3.68;S/P
23/06/2009;3.68;S/P
24/06/2009;3.69;S/P
25/06/2009;3.68;S/D
26/06/2009;3.69;S/P
27/06/2009;3.69;S/D
28/06/2009;3.68;13
29/06/2009;3.68;0.8
30/06/2009;3.67;S/P
01/07/2009;3.68;S/P
02/07/2009;3.68;S/P
03/07/2009;3.67;S/P
04/07/2009;3.67;S/D
05/07/2009;3.67;2
06/07/2009;3.67;30
07/07/2009;3.65;S/P
08/07/2009;3.62;S/P
09/07/2009;3.61;S/P
10/07/2009;3.6;S/P
11/07/2009;3.6;S/P
12/07/2009;3.59;S/P
13/07/2009;3.59;S/P
14/07/2009;3.6;S/P
15/07/2009;3.59;S/P
16/07/2009;3.58;S/P
17/07/2009;3.58;S/D
18/07/2009;3.59;0.4
19/07/2009;3.58;0.1
20/07/2009;3.58;15
21/07/2009;3.57;47
22/07/2009;3.49;2
23/07/2009;3.44;S/P
24/07/2009;3.39;S/P
25/07/2009;3.35;S/D
26/07/2009;3.34;S/P
27/07/2009;3.33;S/P
28/07/2009;3.33;S/P
29/07/2009;3.32;S/P
30/07/2009;3.33;S/D
31/07/2009;3.32;S/D
01/08/2009;3.32;
02/08/2009;3.32;
03/08/2009;3.31;
04/08/2009;3.3;
05/08/2009;3.3;
06/08/2009;3.31;
07/08/2009;3.31;
08/08/2009;3.31;
09/08/2009;3.31;
10/08/2009;3.3;
11/08/2009;3.3;
12/08/2009;3.3;
13/08/2009;3.29;
14/08/2009;3.3;
15/08/2009;3.28;4
16/08/2009;3.3;0.5
17/08/2009;3.31;
18/08/2009;3.31;
19/08/2009;3.3;
20/08/2009;3.31;
21/08/2009;3.3;
22/08/2009;3.29;
23/08/2009;3.29;
24/08/2009;3.3;
25/08/2009;3.29;
26/08/2009;3.29;
27/08/2009;3.29;
28/08/2009;3.29;
29/08/2009;3.28;
30/08/2009;3.29;17.4
31/08/2009;3.3;2.4
01/09/2009;3.3;
02/09/2009;3.31;
03/09/2009;3.3;5.4
04/09/2009;3.31;6.4
05/09/2009;3.29;
06/09/2009;3.29;28.9
07/09/2009;3.25;6.9
08/09/2009;3.15;
09/09/2009;3.09;
10/09/2009;3.05;
11/09/2009;3.03;
12/09/2009;3.01;
13/09/2009;3;
14/09/2009;3;
15/09/2009;3;
16/09/2009;3.01;
17/09/2009;3.01;23.3
18/09/2009;2.99;3.6
19/09/2009;2.99;
20/09/2009;2.98;
21/09/2009;2.98;5
22/09/2009;2.98;
23/09/2009;2.99;
24/09/2009;2.98;
25/09/2009;2.97;
26/09/2009;2.96;14.8
27/09/2009;2.97;2.5
28/09/2009;2.98;
29/09/2009;2.98;
30/09/2009;2.97;
01/10/2009;2.95;
02/10/2009;2.94;
03/10/2009;2.94;
04/10/2009;2.94;
05/10/2009;2.93;
06/10/2009;2.95;
07/10/2009;2.97;
08/10/2009;2.96;
09/10/2009;2.95;
10/10/2009;2.93;45.7
11/10/2009;2.92;
12/10/2009;2.9;
13/10/2009;2.89;
14/10/2009;2.9;
15/10/2009;2.9;
16/10/2009;2.89;
17/10/2009;2.89;
18/10/2009;2.89;
19/10/2009;2.88;
20/10/2009;2.88;3.8
21/10/2009;2.89;
22/10/2009;2.88;
23/10/2009;2.87;0.8
24/10/2009;2.9;
25/10/2009;2.9;
26/10/2009;2.91;
27/10/2009;2.9;
28/10/2009;2.9;
29/10/2009;2.9;7.4
30/10/2009;2.89;
31/10/2009;2.92;
01/11/2009;2.92;17.4
02/11/2009;2.92;7.5
03/11/2009;2.87;4
04/11/2009;2.84;
05/11/2009;2.82;
06/11/2009;2.82;
07/11/2009;2.82;
08/11/2009;2.82;
09/11/2009;2.82;
10/11/2009;2.83;
11/11/2009;2.83;0.5
12/11/2009;2.83;
13/11/2009;2.84;
14/11/2009;2.85;
15/11/2009;2.86;
16/11/2009;2.86;
17/11/2009;2.86;0.6
18/11/2009;2.88;55
19/11/2009;2.87;
20/11/2009;2.89;0.5
21/11/2009;2.9;1.4
22/11/2009;2.9;
23/11/2009;2.91;
24/11/2009;2.91;15.5
25/11/2009;2.91;0.6
26/11/2009;2.92;
27/11/2009;2.92;
28/11/2009;2.93;10
29/11/2009;2.93;14
30/11/2009;2.94;
01/12/2009;2.94;
02/12/2009;2.95;
03/12/2009;2.97;
04/12/2009;2.98;0.6
05/12/2009;2.97;4.4
06/12/2009;2.98;
07/12/2009;3;
08/12/2009;3;0.4
09/12/2009;3.01;
10/12/2009;3.02;0.7
11/12/2009;3.03;
12/12/2009;3.04;
13/12/2009;3.05;2.4
14/12/2009;3.05;
15/12/2009;3.07;
16/12/2009;3.08;
17/12/2009;3.09;
18/12/2009;3.1;0.7
19/12/2009;3.12;24.5
20/12/2009;3.11;
21/12/2009;3.12;
22/12/2009;3.13;
23/12/2009;3.13;4
24/12/2009;3.14;
25/12/2009;3.15;7.2
26/12/2009;3.15;
27/12/2009;3.16;11.6
28/12/2009;3.17;8
29/12/2009;3.1;0.4
30/12/2009;3.06;
31/12/2009;3.05;1.6
01/01/2010;3.04;
02/01/2010;3.04;
03/01/2010;3.05;0.4
04/01/2010;3.06;
05/01/2010;3.06;0.4
06/01/2010;3.08;
07/01/2010;3.1;
08/01/2010;3.11;
09/01/2010;3.12;
10/01/2010;3.13;
11/01/2010;3.15;15.2
12/01/2010;3.15;
13/01/2010;3.18;
14/01/2010;3.19;
15/01/2010;3.2;
16/01/2010;3.21;
17/01/2010;3.22;
18/01/2010;3.23;11.4
19/01/2010;3.24;
20/01/2010;3.25;
21/01/2010;3.27;
22/01/2010;3.28;
23/01/2010;3.29;
24/01/2010;3.3;
25/01/2010;3.32;
26/01/2010;3.33;
27/01/2010;3.35;
28/01/2010;3.36;
29/01/2010;3.37;17.8
30/01/2010;3.39;
31/01/2010;3.41;
01/02/2010;3.42;
02/02/2010;3.43;71.2
03/02/2010;3.45;8.5
04/02/2010;3.43;
05/02/2010;3.41;14.6
06/02/2010;3.4;1.8
07/02/2010;3.4;8.4
08/02/2010;3.39;
09/02/2010;3.38;
10/02/2010;3.38;
11/02/2010;3.41;
12/02/2010;3.42;11
13/02/2010;3.42;
14/02/2010;3.44;
15/02/2010;3.44;2.8
16/02/2010;3.45;
17/02/2010;3.46;
18/02/2010;3.46;
19/02/2010;3.47;falta dato!!
20/02/2010;3.1;
21/02/2010;2.98;2
22/02/2010;2.96;6.4
23/02/2010;2.94;
24/02/2010;2.96;
25/02/2010;2.96;
26/02/2010;2.96;
27/02/2010;2.98;
28/02/2010;3;
01/03/2010;3.01;
02/03/2010;3.02;82.2
03/03/2010;3.03;27
04/03/2010;3.04;
05/03/2010;3.05;
06/03/2010;3.06;
07/03/2010;3.07;
08/03/2010;3.07;
09/03/2010;3.08;9.3
10/03/2010;3.09;
11/03/2010;3.1;
12/03/2010;3.11;
13/03/2010;3.11;
14/03/2010;3.11;
15/03/2010;3.14;
16/03/2010;3.16;
17/03/2010;3.16;44.4
18/03/2010;3.13;
19/03/2010;3.12;
20/03/2010;3.12;11.4
21/03/2010;3.11;1.8
22/03/2010;3.1;
23/03/2010;3.11;
24/03/2010;3.12;
25/03/2010;3.13;
26/03/2010;3.13;
27/03/2010;3.13;
28/03/2010;3.13;
29/03/2010;3.13;
30/03/2010;3.14;17.1
31/03/2010;3.14;
01/04/2010;3.14;
02/04/2010;3.15;
03/04/2010;3.16;
04/04/2010;3.17;
05/04/2010;3.18;
06/04/2010;3.17;
07/04/2010;3.18;
08/04/2010;3.19;
09/04/2010;3.19;
10/04/2010;3.2;
11/04/2010;3.2;
12/04/2010;3.21;8.2
13/04/2010;3.21;7.2
14/04/2010;3.22;33.4
15/04/2010;3.22;
16/04/2010;3.19;
17/04/2010;3.18;
18/04/2010;3.18;
19/04/2010;3.17;
20/04/2010;3.17;
21/04/2010;3.18;
22/04/2010;3.18;
23/04/2010;3.2;
24/04/2010;3.2;
25/04/2010;3.19;
26/04/2010;3.19;
27/04/2010;3.2;0.6
28/04/2010;3.21;
29/04/2010;3.22;
30/04/2010;3.22;
01/05/2010;3.22;
02/05/2010;3.23;
03/05/2010;3.24;
04/05/2010;3.25;
05/05/2010;3.25;
06/05/2010;3.25;
07/05/2010;3.27;
08/05/2010;3.28;
09/05/2010;3.28;
10/05/2010;3.28;
11/05/2010;3.29;
12/05/2010;3.29;
13/05/2010;3.29;
14/05/2010;3.29;0.8
15/05/2010;3.3;0.1
16/05/2010;3.32;
17/05/2010;3.32;
18/05/2010;3.32;
19/05/2010;3.32;
20/05/2010;3.33;2
21/05/2010;3.33;0.1
22/05/2010;3.34;5
23/05/2010;3.33;18
24/05/2010;3.34;0.3
25/05/2010;3.34;
26/05/2010;3.35;
27/05/2010;3.36;
28/05/2010;3.35;6
29/05/2010;3.33;13
30/05/2010;3.33;
31/05/2010;3.35;
01/06/2010;3.35;
02/06/2010;3.34;
03/06/2010;3.34;
04/06/2010;3.34;
05/06/2010;3.34;
06/06/2010;3.34;
07/06/2010;3.35;
08/06/2010;3.36;
09/06/2010;3.36;
10/06/2010;3.37;
11/06/2010;3.36;
12/06/2010;3.36;6
13/06/2010;3.36;0.6
14/06/2010;3.35;34
15/06/2010;3.31;
16/06/2010;3.29;
17/06/2010;3.27;
18/06/2010;3.25;0.5
19/06/2010;3.24;
20/06/2010;3.24;
21/06/2010;3.24;
22/06/2010;3.23;
23/06/2010;3.23;
24/06/2010;3.22;
25/06/2010;3.25;
26/06/2010;3.25;9
27/06/2010;3.23;
28/06/2010;3.24;
29/06/2010;3.23;
30/06/2010;3.23;
01/07/2010;3.23;
02/07/2010;3.22;
03/07/2010;3.22;
04/07/2010;3.22;0.2
05/07/2010;3.21;5
06/07/2010;3.23;4
07/07/2010;3.21;
08/07/2010;3.21;
09/07/2010;3.2;
10/07/2010;3.2;
11/07/2010;3.18;3
12/07/2010;3.18;
13/07/2010;3.17;
14/07/2010;3.17;
15/07/2010;3.18;1
16/07/2010;3.19;
17/07/2010;3.18;
18/07/2010;3.17;39
19/07/2010;3.14;10
20/07/2010;3;
21/07/2010;2.94;
22/07/2010;2.91;
23/07/2010;2.89;
24/07/2010;2.88;
25/07/2010;2.87;2
26/07/2010;2.86;
27/07/2010;2.86;
28/07/2010;2.85;
29/07/2010;2.86;7
30/07/2010;2.84;4
31/07/2010;2.84;
01/08/2010;2.85;
02/08/2010;2.85;
03/08/2010;2.85;
04/08/2010;2.85;
05/08/2010;2.84;0.6
06/08/2010;2.82;
07/08/2010;2.82;
08/08/2010;2.82;
09/08/2010;2.82;
10/08/2010;2.82;
11/08/2010;2.81;
12/08/2010;2.8;
13/08/2010;2.82;
14/08/2010;2.83;
15/08/2010;2.81;
16/08/2010;2.8;
17/08/2010;2.8;
18/08/2010;2.79;
19/08/2010;2.8;
20/08/2010;2.8;
21/08/2010;2.79;
22/08/2010;2.79;
23/08/2010;2.78;
24/08/2010;2.8;
25/08/2010;2.8;
26/08/2010;2.8;
27/08/2010;2.79;
28/08/2010;2.78;
29/08/2010;2.8;
30/08/2010;2.81;5
31/08/2010;2.78;5
01/09/2010;2.8;
02/09/2010;2.81;20
03/09/2010;2.78;33
04/09/2010;2.75;
05/09/2010;2.66;
06/09/2010;2.62;
07/09/2010;2.6;
08/09/2010;2.59;
09/09/2010;2.58;
10/09/2010;2.58;25
11/09/2010;2.57;
12/09/2010;2.57;
13/09/2010;2.56;
14/09/2010;2.55;
15/09/2010;2.55;
16/09/2010;2.55;
17/09/2010;2.56;
18/09/2010;2.56;
19/09/2010;2.54;
20/09/2010;2.54;4
21/09/2010;2.54;
22/09/2010;2.54;
23/09/2010;2.55;
24/09/2010;2.55;
25/09/2010;2.55;
26/09/2010;2.55;
27/09/2010;2.54;7
28/09/2010;2.54;24
29/09/2010;2.51;2
30/09/2010;2.49;
01/10/2010;2.49;
02/10/2010;2.48;
03/10/2010;2.47;
04/10/2010;2.47;
05/10/2010;2.47;2
06/10/2010;2.47;9
07/10/2010;2.47;
08/10/2010;2.48;
09/10/2010;2.48;
10/10/2010;2.49;
11/10/2010;2.48;
12/10/2010;2.48;
13/10/2010;2.47;15
14/10/2010;2.47;40
15/10/2010;2.43;
16/10/2010;2.41;
17/10/2010;2.39;
18/10/2010;2.38;
19/10/2010;2.38;
20/10/2010;2.37;
21/10/2010;2.38;
22/10/2010;2.39;
23/10/2010;2.39;
24/10/2010;2.39;
25/10/2010;2.39;
26/10/2010;2.39;
27/10/2010;2.39;6
28/10/2010;2.4;0.5
29/10/2010;2.39;21
30/10/2010;2.39;
31/10/2010;2.39;
01/11/2010;2.42;
02/11/2010;2.42;
03/11/2010;2.4;
04/11/2010;2.42;
05/11/2010;2.42;
06/11/2010;2.42;
07/11/2010;2.42;9
08/11/2010;2.44;1
09/11/2010;2.45;
10/11/2010;2.46;
11/11/2010;2.46;
12/11/2010;2.46;
13/11/2010;2.46;
14/11/2010;2.46;
15/11/2010;2.47;15
16/11/2010;2.48;
17/11/2010;2.48;
18/11/2010;2.48;
19/11/2010;2.48;
20/11/2010;2.5;
21/11/2010;2.51;21
22/11/2010;2.52;
23/11/2010;2.53;
24/11/2010;2.54;
25/11/2010;2.55;12
26/11/2010;2.56;18
27/11/2010;2.57;
28/11/2010;2.6;
29/11/2010;2.6;
30/11/2010;2.61;10
01/12/2010;2.63;3
02/12/2010;2.65;
03/12/2010;2.67;
04/12/2010;2.68;12
05/12/2010;2.71;
06/12/2010;2.72;
07/12/2010;2.73;
08/12/2010;2.74;
09/12/2010;2.76;
10/12/2010;2.77;
11/12/2010;2.79;
12/12/2010;2.82;
13/12/2010;2.83;
14/12/2010;2.84;
15/12/2010;2.87;
16/12/2010;2.89;
17/12/2010;2.91;7
18/12/2010;2.93;
19/12/2010;2.95;
20/12/2010;2.97;
21/12/2010;2.99;
22/12/2010;3.01;
23/12/2010;3.03;
24/12/2010;3.05;
25/12/2010;3.07;
26/12/2010;3.1;
27/12/2010;3.12;
28/12/2010;3.14;
29/12/2010;3.16;
30/12/2010;3.18;
31/12/2010;3.2;
01/01/2011;3.22;
02/01/2011;3.24;
03/01/2011;3.26;
04/01/2011;3.28;10
05/01/2011;3.3;42
06/01/2011;3.31;
07/01/2011;3.33;
08/01/2011;3.34;
09/01/2011;3.35;
10/01/2011;3.37;
11/01/2011;3.38;
12/01/2011;3.39;
13/01/2011;3.4;
14/01/2011;3.42;
15/01/2011;3.43;29
16/01/2011;3.43;36
17/01/2011;3.35;
18/01/2011;3.33;30
19/01/2011;3.32;
20/01/2011;3.31;
21/01/2011;3.3;
22/01/2011;3.31;
23/01/2011;3.32;
24/01/2011;3.33;
25/01/2011;3.34;12
26/01/2011;3.35;
27/01/2011;3.36;
28/01/2011;3.37;
29/01/2011;3.38;
30/01/2011;3.39;35
31/01/2011;3.39;
01/02/2011;3.28;
02/02/2011;3.25;
03/02/2011;3.24;10
04/02/2011;3.24;
05/02/2011;3.24;
06/02/2011;3.26;36
07/02/2011;3.26;3
08/02/2011;3.28;
09/02/2011;3.28;
10/02/2011;3.29;
11/02/2011;3.3;
12/02/2011;3.3;7
13/02/2011;3.31;
14/02/2011;3.33;
15/02/2011;3.33;
16/02/2011;3.34;
17/02/2011;3.36;162
18/02/2011;3.37;5
19/02/2011;3.39;
20/02/2011;3.4;
21/02/2011;3.41;
22/02/2011;3.42;14
23/02/2011;3.42;45
24/02/2011;3.32;
25/02/2011;3.28;
26/02/2011;3.26;
27/02/2011;3.26;
28/02/2011;3.26;
01/03/2011;3.27;
02/03/2011;3.27;
03/03/2011;3.28;
04/03/2011;3.29;
05/03/2011;3.3;
06/03/2011;3.31;
07/03/2011;3.31;
08/03/2011;3.33;
09/03/2011;3.34;
10/03/2011;3.35;
11/03/2011;3.36;
12/03/2011;3.37;14
13/03/2011;3.38;
14/03/2011;3.39;
15/03/2011;3.4;
16/03/2011;3.41;
17/03/2011;3.42;
18/03/2011;3.43;
19/03/2011;3.44;
20/03/2011;3.45;
21/03/2011;3.46;
22/03/2011;3.46;12
23/03/2011;3.46;
24/03/2011;3.47;
25/03/2011;3.48;4
26/03/2011;3.48;
27/03/2011;3.49;
28/03/2011;3.49;
29/03/2011;3.5;
30/03/2011;3.5;
31/03/2011;3.5;
01/04/2011;3.51;
02/04/2011;3.51;1
03/04/2011;3.51;34
04/04/2011;3.52;
05/04/2011;3.52;
06/04/2011;3.52;
07/04/2011;3.52;
08/04/2011;3.53;
09/04/2011;3.53;
10/04/2011;3.53;
11/04/2011;3.53;
12/04/2011;3.54;
13/04/2011;3.54;4
14/04/2011;3.54;
15/04/2011;3.55;
16/04/2011;3.56;2
17/04/2011;3.56;3
18/04/2011;3.56;
19/04/2011;3.56;2
20/04/2011;3.56;
21/04/2011;3.57;
22/04/2011;3.57;
23/04/2011;3.57;
24/04/2011;3.57;
25/04/2011;3.57;
26/04/2011;3.58;
27/04/2011;3.58;
28/04/2011;3.59;
29/04/2011;3.59;22
30/04/2011;3.6;
01/05/2011;3.6;
02/05/2011;3.59;
03/05/2011;3.6;
04/05/2011;3.59;
05/05/2011;3.59;
06/05/2011;3.6;
07/05/2011;3.61;
08/05/2011;3.62;
09/05/2011;3.61;
10/05/2011;3.61;
11/05/2011;3.64;
12/05/2011;3.63;
13/05/2011;3.63;12
14/05/2011;3.64;
15/05/2011;3.64;
16/05/2011;3.65;
17/05/2011;3.65;
18/05/2011;3.66;
19/05/2011;3.66;
20/05/2011;3.66;
21/05/2011;3.64;3
22/05/2011;3.65;
23/05/2011;3.64;
24/05/2011;3.64;18
25/05/2011;3.65;
26/05/2011;3.66;
27/05/2011;3.66;
28/05/2011;3.66;
29/05/2011;3.67;
30/05/2011;3.68;
31/05/2011;3.69;
01/06/2011;3.68;
02/06/2011;3.67;
03/06/2011;3.69;
04/06/2011;3.68;
05/06/2011;3.67;
06/06/2011;3.69;
07/06/2011;3.69;
08/06/2011;3.7;
09/06/2011;3.7;
10/06/2011;3.69;
11/06/2011;3.72;
12/06/2011;3.72;
13/06/2011;3.72;
14/06/2011;3.71;
15/06/2011;3.72;
16/06/2011;3.74;
17/06/2011;3.74;
18/06/2011;3.72;
19/06/2011;3.75;
20/06/2011;3.74;
21/06/2011;3.72;
22/06/2011;3.72;7
23/06/2011;3.73;
24/06/2011;3.7;
25/06/2011;3.71;
26/06/2011;3.7;
27/06/2011;3.68;
28/06/2011;3.59;
29/06/2011;3.56;
30/06/2011;3.56;
01/07/2011;3.57;
02/07/2011;3.58;
03/07/2011;3.58;
04/07/2011;3.57;
05/07/2011;3.57;
06/07/2011;3.58;
07/07/2011;3.57;
08/07/2011;3.58;
09/07/2011;3.58;
10/07/2011;3.58;
11/07/2011;3.59;
12/07/2011;3.59;
13/07/2011;3.59;
14/07/2011;3.59;
15/07/2011;3.59;
16/07/2011;3.6;
17/07/2011;3.61;
18/07/2011;3.61;21
19/07/2011;3.6;
20/07/2011;3.55;
21/07/2011;3.53;
22/07/2011;3.52;
23/07/2011;3.51;
24/07/2011;3.5;
25/07/2011;3.49;30
26/07/2011;3.42;
27/07/2011;3.34;
28/07/2011;3.3;
29/07/2011;3.27;
30/07/2011;3.27;
31/07/2011;3.26;
01/08/2011;3.25;
02/08/2011;3.24;
03/08/2011;3.23;
04/08/2011;3.23;
05/08/2011;3.23;
06/08/2011;3.22;
07/08/2011;3.22;
08/08/2011;3.22;
09/08/2011;3.22;
10/08/2011;3.22;
11/08/2011;3.22;
12/08/2011;3.21;4
13/08/2011;3.22;
14/08/2011;3.22;
15/08/2011;3.21;
16/08/2011;3.21;8
17/08/2011;3.21;
18/08/2011;3.21;
19/08/2011;3.2;1
20/08/2011;3.21;
21/08/2011;3.22;
22/08/2011;3.22;
23/08/2011;3.21;
24/08/2011;3.2;
25/08/2011;3.2;
26/08/2011;3.21;
27/08/2011;3.19;
28/08/2011;3.19;
29/08/2011;3.2;
30/08/2011;3.2;
31/08/2011;3.21;
01/09/2011;3.21;
02/09/2011;3.2;
03/09/2011;3.19;
04/09/2011;3.2;
05/09/2011;3.21;
06/09/2011;3.21;
07/09/2011;3.22;
08/09/2011;3.22;
09/09/2011;3.21;
10/09/2011;3.21;
11/09/2011;3.24;
12/09/2011;3.22;
13/09/2011;3.24;
14/09/2011;3.25;
15/09/2011;3.24;9
16/09/2011;3.24;28
17/09/2011;3.25;
18/09/2011;3.25;
19/09/2011;3.24;
20/09/2011;3.24;
21/09/2011;3.24;
22/09/2011;3.24;
23/09/2011;3.25;
24/09/2011;3.25;
25/09/2011;3.24;
26/09/2011;3.24;
27/09/2011;3.25;
28/09/2011;3.24;
29/09/2011;3.24;
30/09/2011;3.25;
01/10/2011;3.25;
02/10/2011;3.25;
03/10/2011;3.26;
04/10/2011;3.26;
05/10/2011;3.26;
06/10/2011;3.26;72
07/10/2011;3.27;3
08/10/2011;3.26;
09/10/2011;3.26;3
10/10/2011;3.26;
11/10/2011;3.27;
12/10/2011;3.27;
13/10/2011;3.26;
14/10/2011;3.26;
15/10/2011;3.26;
16/10/2011;3.26;
17/10/2011;3.27;
18/10/2011;3.28;
19/10/2011;3.28;
20/10/2011;3.28;
21/10/2011;3.28;10
22/10/2011;3.28;
23/10/2011;3.3;
24/10/2011;3.3;
25/10/2011;3.3;
26/10/2011;3.31;
27/10/2011;3.31;
28/10/2011;3.31;3
29/10/2011;3.32;
30/10/2011;3.34;
31/10/2011;3.35;
01/11/2011;3.35;
02/11/2011;3.36;
03/11/2011;3.37;16
04/11/2011;3.37;10
05/11/2011;3.38;
06/11/2011;3.39;
07/11/2011;3.4;
08/11/2011;3.4;22
09/11/2011;3.39;
10/11/2011;3.38;
11/11/2011;3.39;
12/11/2011;3.4;
13/11/2011;3.4;
14/11/2011;3.4;
15/11/2011;3.41;
16/11/2011;3.42;
17/11/2011;3.42;
18/11/2011;3.43;
19/11/2011;3.44;22
20/11/2011;3.44;3
21/11/2011;3.45;
22/11/2011;3.46;
23/11/2011;3.47;
24/11/2011;3.47;
25/11/2011;3.48;
26/11/2011;3.49;
27/11/2011;3.5;
28/11/2011;3.51;
29/11/2011;3.52;
30/11/2011;3.53;
01/12/2011;3.55;
02/12/2011;3.56;
03/12/2011;3.57;
04/12/2011;3.58;
05/12/2011;3.59;
06/12/2011;3.6;
07/12/2011;3.61;
08/12/2011;3.62;
09/12/2011;3.63;
10/12/2011;3.64;5
11/12/2011;3.65;
12/12/2011;3.67;
13/12/2011;3.68;
14/12/2011;3.69;
15/12/2011;3.7;
16/12/2011;3.71;
17/12/2011;3.72;
18/12/2011;3.73;
19/12/2011;3.74;
20/12/2011;3.75;
21/12/2011;3.76;15
22/12/2011;3.77;
23/12/2011;3.79;
24/12/2011;3.8;
25/12/2011;3.81;
26/12/2011;3.82;
27/12/2011;3.83;
28/12/2011;3.84;
29/12/2011;3.85;
30/12/2011;3.87;
31/12/2011;3.88;
01/01/2012;3.89;
02/01/2012;3.9;
03/01/2012;3.91;
04/01/2012;3.92;
05/01/2012;3.93;
06/01/2012;3.95;
07/01/2012;3.96;
08/01/2012;3.97;
09/01/2012;3.98;
10/01/2012;3.99;
11/01/2012;4;
12/01/2012;4.01;
13/01/2012;4.02;
14/01/2012;4.03;
15/01/2012;4.04;
16/01/2012;4.05;
17/01/2012;4.06;
18/01/2012;4.07;
19/01/2012;4.08;
20/01/2012;4.09;12
21/01/2012;4.1;50
22/01/2012;4.11;
23/01/2012;4.11;6
24/01/2012;4.11;
25/01/2012;4.12;
26/01/2012;4.13;
27/01/2012;4.13;
28/01/2012;4.14;
29/01/2012;4.14;
30/01/2012;4.15;
31/01/2012;4.15;
01/02/2012;4.16;
02/02/2012;4.16;9
03/02/2012;4.17;
04/02/2012;4.17;
05/02/2012;4.18;
06/02/2012;4.18;
07/02/2012;4.19;
08/02/2012;4.19;
09/02/2012;4.2;
10/02/2012;4.2;
11/02/2012;4.2;
12/02/2012;4.21;
13/02/2012;4.22;
14/02/2012;4.22;
15/02/2012;4.23;4
16/02/2012;4.23;16
17/02/2012;4.24;6
18/02/2012;4.24;32
19/02/2012;4.25;4
20/02/2012;4.25;6
21/02/2012;4.26;
22/02/2012;4.26;0.6
23/02/2012;4.26;
24/02/2012;4.27;
25/02/2012;4.27;14
26/02/2012;4.28;
27/02/2012;4.28;3
28/02/2012;4.28;
29/02/2012;4.28;3
01/03/2012;4.29;
02/03/2012;4.29;
03/03/2012;4.29;
04/03/2012;4.3;
05/03/2012;4.3;33
06/03/2012;4.28;
07/03/2012;4.28;
08/03/2012;4.29;
09/03/2012;4.29;10
10/03/2012;4.3;
11/03/2012;4.3;47
12/03/2012;4.3;6
13/03/2012;4.02;
14/03/2012;3.99;
15/03/2012;3.99;
16/03/2012;3.99;
17/03/2012;3.99;
18/03/2012;4;
19/03/2012;4.01;5
20/03/2012;4.02;
21/03/2012;4.02;
22/03/2012;4.02;
23/03/2012;4.03;
24/03/2012;4.03;
25/03/2012;4.03;2
26/03/2012;4.04;3
27/03/2012;4.04;
28/03/2012;4.04;
29/03/2012;4.04;
30/03/2012;4.05;
31/03/2012;4.06;
01/04/2012;4.06;
02/04/2012;4.07;
03/04/2012;4.08;
04/04/2012;4.08;
05/04/2012;4.09;
06/04/2012;4.09;
07/04/2012;4.1;
08/04/2012;4.11;
09/04/2012;4.11;
10/04/2012;4.12;
11/04/2012;4.13;
12/04/2012;4.13;
13/04/2012;4.14;
14/04/2012;4.15;
15/04/2012;4.15;
16/04/2012;4.15;
17/04/2012;4.16;
18/04/2012;4.17;
19/04/2012;4.17;
20/04/2012;4.18;
21/04/2012;4.18;
22/04/2012;4.19;
23/04/2012;4.19;
24/04/2012;4.2;
25/04/2012;4.2;
26/04/2012;4.21;
27/04/2012;4.21;
28/04/2012;4.21;
29/04/2012;4.22;
30/04/2012;4.22;
01/05/2012;4.23;
02/05/2012;4.23;
03/05/2012;4.23;
04/05/2012;4.24;
05/05/2012;4.24;
06/05/2012;4.25;
07/05/2012;4.25;
08/05/2012;4.26;
09/05/2012;4.26;
10/05/2012;4.08;
11/05/2012;3.71;
12/05/2012;3.68;
13/05/2012;3.67;
14/05/2012;3.66;
15/05/2012;3.66;
16/05/2012;3.66;
17/05/2012;3.66;
18/05/2012;3.65;
19/05/2012;3.57;
20/05/2012;3.53;1
21/05/2012;3.52;1
22/05/2012;3.51;
23/05/2012;3.51;
24/05/2012;3.51;
25/05/2012;3.5;
26/05/2012;3.5;
27/05/2012;3.49;
28/05/2012;3.49;
29/05/2012;3.49;
30/05/2012;3.5;
31/05/2012;3.5;
01/06/2012;3.5;0.5
02/06/2012;3.48;
03/06/2012;3.49;
04/06/2012;3.49;
05/06/2012;3.49;3
06/06/2012;3.49;
07/06/2012;3.5;
08/06/2012;3.49;
09/06/2012;3.49;
10/06/2012;3.48;
11/06/2012;3.48;
12/06/2012;3.48;
13/06/2012;3.48;
14/06/2012;3.48;
15/06/2012;3.49;
16/06/2012;3.5;2
17/06/2012;3.49;7
18/06/2012;3.48;
19/06/2012;3.48;
20/06/2012;3.49;
21/06/2012;3.48;
22/06/2012;3.49;
23/06/2012;3.49;
24/06/2012;3.49;
25/06/2012;3.51;
26/06/2012;3.5;
27/06/2012;3.49;6
28/06/2012;3.49;
29/06/2012;3.5;
30/06/2012;3.5;
01/07/2012;3.49;
02/07/2012;3.51;
03/07/2012;3.52;
04/07/2012;3.5;
05/07/2012;3.5;
06/07/2012;3.52;
07/07/2012;3.52;
08/07/2012;3.5;
09/07/2012;3.51;
10/07/2012;3.51;
11/07/2012;3.51;
12/07/2012;3.51;
13/07/2012;3.51;
14/07/2012;3.53;
15/07/2012;3.54;
16/07/2012;3.54;
17/07/2012;3.53;
18/07/2012;3.52;
19/07/2012;3.53;
20/07/2012;3.52;
21/07/2012;3.52;
22/07/2012;3.54;
23/07/2012;3.54;
24/07/2012;3.54;
25/07/2012;3.55;
26/07/2012;3.53;
27/07/2012;3.55;
28/07/2012;3.54;
29/07/2012;3.54;
30/07/2012;3.57;
31/07/2012;3.57;
01/08/2012;3.55;
02/08/2012;3.55;
03/08/2012;3.55;
04/08/2012;3.56;
05/08/2012;3.57;
06/08/2012;3.56;8
07/08/2012;3.55;
08/08/2012;3.39;3
09/08/2012;3.22;
10/08/2012;3.17;
11/08/2012;3.14;30
12/08/2012;3.06;
13/08/2012;2.95;
14/08/2012;2.9;31
15/08/2012;2.86;
16/08/2012;2.73;0.8
17/08/2012;2.68;16
18/08/2012;2.64;21
19/08/2012;2.53;
20/08/2012;2.47;
21/08/2012;2.44;
22/08/2012;2.44;0.8
23/08/2012;2.42;33
24/08/2012;2.44;0.4
25/08/2012;2.32;
26/08/2012;2.29;
27/08/2012;2.28;
28/08/2012;2.26;
29/08/2012;2.25;
30/08/2012;2.25;
31/08/2012;2.25;
01/09/2012;2.25;
02/09/2012;2.25;
03/09/2012;2.28;25
09/04/2012;2.25;28
09/05/2012;1.85;
09/06/2012;1.57;7
09/07/2012;1.53;15
09/08/2012;1.46;
09/09/2012;1.43;
09/10/2012;1.4;
09/11/2012;1.37;
12/09/2012;;
13/09/2012;;
14/09/2012;;
15/09/2012;;
16/09/2012;;12
17/09/2012;;
18/09/2012;;11
19/09/2012;;
20/09/2012;;
21/09/2012;;
22/09/2012;;
23/09/2012;;
24/09/2012;;
25/09/2012;;
26/09/2012;;
27/09/2012;;
28/09/2012;;
29/09/2012;;0.3
30/09/2012;;
01/10/2012;;0.9
02/10/2012;;
03/10/2012;;
04/10/2012;;
05/10/2012;;
06/10/2012;;
07/10/2012;;
08/10/2012;;
09/10/2012;;
10/10/2012;;
11/10/2012;;
12/10/2012;;
13/10/2012;;
14/10/2012;;30
15/10/2012;;5
16/10/2012;;
17/10/2012;;
18/10/2012;;
19/10/2012;;
20/10/2012;;5
21/10/2012;;15
22/10/2012;;
23/10/2012;;
24/10/2012;;
25/10/2012;;
26/10/2012;;
27/10/2012;;10
28/10/2012;;11
29/10/2012;;
30/10/2012;;
31/10/2012;;
01/11/2012;;
02/11/2012;;
03/11/2012;;
04/11/2012;;
05/11/2012;;
06/11/2012;;
07/11/2012;;
08/11/2012;;17
09/11/2012;;7
10/11/2012;;
11/11/2012;;
12/11/2012;;
13/11/2012;;
14/11/2012;1.13;
15/11/2012;1.14;
16/11/2012;1.15;
17/11/2012;1.18;4
18/11/2012;1.19;
19/11/2012;1.19;
20/11/2012;1.22;
21/11/2012;1.23;15
22/11/2012;1.25;10
23/11/2012;1.26;
24/11/2012;1.27;
25/11/2012;1.29;4
26/11/2012;1.29;
27/11/2012;1.31;
28/11/2012;1.32;
29/11/2012;1.36;23
30/11/2012;1.36;
01/12/2012;1.34;
02/12/2012;1.35;12
03/12/2012;1.38;
04/12/2012;1.38;
05/12/2012;1.39;18
06/12/2012;1.35;119.5
07/12/2012;0.88;
08/12/2012;0.81;
09/12/2012;0.85;
10/12/2012;0.85;47
11/12/2012;0.55;
12/12/2012;0.57;
13/12/2012;0.68;
14/12/2012;0.76;4
15/12/2012;0.75;
16/12/2012;0.82;
17/12/2012;0.83;
18/12/2012;0.9;
19/12/2012;0.93;12
20/12/2012;0.93;
21/12/2012;1.02;
22/12/2012;1.05;
23/12/2012;1.05;
24/12/2012;1.07;56
25/12/2012;1.08;
26/12/2012;1.08;0.3
27/12/2012;1.1;
28/12/2012;1.05;
29/12/2012;1.02;
30/12/2012;0.99;0.2
31/12/2012;0.99;3
01/01/2013;1.05;
02/01/2013;1.06;
03/01/2013;1.07;
04/01/2013;1.07;2
05/01/2013;1.08;
06/01/2013;1.1;
07/01/2013;1.11;
08/01/2013;1.16;
09/01/2013;1.19;
10/01/2013;1.21;
11/01/2013;1.23;
12/01/2013;1.25;
13/01/2013;1.28;
14/01/2013;1.3;
15/01/2013;1.32;
16/01/2013;1.34;11
17/01/2013;1.37;
18/01/2013;1.39;
19/01/2013;1.41;
20/01/2013;1.44;
21/01/2013;1.46;
22/01/2013;1.48;
23/01/2013;1.5;
24/01/2013;1.52;
25/01/2013;1.56;
26/01/2013;1.59;
27/01/2013;1.61;
28/01/2013;1.64;
29/01/2013;1.67;3
30/01/2013;1.69;
31/01/2013;1.71;
01/02/2013;1.73;
02/02/2013;1.75;
03/02/2013;1.79;
04/02/2013;1.8;
05/02/2013;1.83;
06/02/2013;1.86;
07/02/2013;1.88;
08/02/2013;1.91;
09/02/2013;1.94;
10/02/2013;1.97;28
11/02/2013;1.99;
12/02/2013;2.02;0.2
13/02/2013;2.04;
14/02/2013;2.07;
15/02/2013;2.1;
16/02/2013;2.12;
17/02/2013;2.15;
18/02/2013;2.18;
19/02/2013;2.2;
20/02/2013;2.22;
21/02/2013;2.24;
22/02/2013;2.27;
23/02/2013;2.29;35
24/02/2013;2.3;
25/02/2013;2.32;
26/02/2013;2.34;
27/02/2013;2.35;
28/02/2013;2.37;
01/03/2013;2.38;67
02/03/2013;2.38;3
03/03/2013;2.33;
04/03/2013;2.34;
05/03/2013;2.34;
06/03/2013;2.35;
07/03/2013;2.37;
08/03/2013;2.38;
09/03/2013;2.39;
10/03/2013;2.39;
11/03/2013;2.41;
12/03/2013;2.42;
13/03/2013;2.43;3
14/03/2013;2.45;5
15/03/2013;2.45;4
16/03/2013;2.46;
17/03/2013;2.47;
18/03/2013;2.48;
19/03/2013;2.48;1
20/03/2013;2.48;
21/03/2013;2.49;
22/03/2013;2.51;
23/03/2013;2.51;
24/03/2013;2.52;29
25/03/2013;2.53;
26/03/2013;2.54;
27/03/2013;2.55;
28/03/2013;2.55;
29/03/2013;2.56;
30/03/2013;2.56;
31/03/2013;2.57;23
01/04/2013;2.58;27
02/04/2013;2.55;75
03/04/2013;2.49;
04/04/2013;2.34;
05/04/2013;2.29;10
06/04/2013;2.28;
07/04/2013;2.28;
08/04/2013;2.28;
09/04/2013;2.29;
10/04/2013;2.29;5
11/04/2013;2.29;
12/04/2013;2.3;
13/04/2013;2.31;
14/04/2013;2.31;
15/04/2013;2.31;
16/04/2013;2.33;
17/04/2013;2.33;
18/04/2013;2.34;
19/04/2013;2.34;
20/04/2013;2.36;
21/04/2013;2.36;
22/04/2013;2.37;
23/04/2013;2.38;
24/04/2013;2.38;
25/04/2013;2.39;
26/04/2013;2.39;
27/04/2013;2.4;31
28/04/2013;2.4;
29/04/2013;2.37;
30/04/2013;2.37;
01/05/2013;2.38;
02/05/2013;2.33;0.2
03/05/2013;2.21;8
04/05/2013;2.15;0
05/05/2013;2.11;0
06/05/2013;2.09;0
07/05/2013;2.1;0
08/05/2013;2.07;0
09/05/2013;2.08;0
10/05/2013;2.09;0
11/05/2013;2.1;0
12/05/2013;2.09;0
13/05/2013;2.1;0
14/05/2013;2.09;0
15/05/2013;2.1;0
16/05/2013;2.1;0
17/05/2013;2.11;0
18/05/2013;2.12;4
19/05/2013;2.12;0.3
20/05/2013;2.12;0
21/05/2013;2.11;0
22/05/2013;2.12;0
23/05/2013;2.12;0
24/05/2013;2.12;0
25/05/2013;2.12;0
26/05/2013;2.12;0
27/05/2013;2.12;0
28/05/2013;2.11;19
29/05/2013;2.1;0
30/05/2013;2.09;0
31/05/2013;2.08;0
01/06/2013;2.08;0
02/06/2013;2.08;0
03/06/2013;2.09;0
04/06/2013;2.08;0
05/06/2013;2.08;0
06/06/2013;2.09;0
07/06/2013;2.09;0
08/06/2013;2.11;0
09/06/2013;2.09;0.8
10/06/2013;2.1;0
11/06/2013;2.1;0
12/06/2013;2.11;0
13/06/2013;2.1;0
14/06/2013;2.11;0
15/06/2013;2.1;15
16/06/2013;2.09;6
17/06/2013;2.1;0
18/06/2013;2.08;0
19/06/2013;2.09;0
20/06/2013;2.09;0
21/06/2013;2.07;0
22/06/2013;2.07;0
23/06/2013;2.09;0
24/06/2013;2.09;0
25/06/2013;2.09;0
26/06/2013;2.08;0
27/06/2013;2.09;0
28/06/2013;2.08;0
29/06/2013;2.09;0
30/06/2013;2.09;0
01/07/2013;2.1;0
02/07/2013;2.09;0
03/07/2013;2.08;0
04/07/2013;2.1;0
05/07/2013;2.11;0
06/07/2013;2.11;0
07/07/2013;2.11;0
08/07/2013;2.12;0
09/07/2013;2.11;15
10/07/2013;2.1;0.5
11/07/2013;2.1;0
12/07/2013;2.1;0
13/07/2013;2.09;0
14/07/2013;2.09;0
15/07/2013;2.08;0
16/07/2013;2.07;0
17/07/2013;2.07;0
18/07/2013;2.08;0
19/07/2013;2.09;0
20/07/2013;2.06;0
21/07/2013;2.07;0.6
22/07/2013;2.08;0
23/07/2013;2.09;0
24/07/2013;2.09;0
25/07/2013;2.08;0
26/07/2013;2.09;0
27/07/2013;2.08;0
28/07/2013;2.08;0
29/07/2013;2.09;0
30/07/2013;2.09;0
31/07/2013;2.08;0
01/08/2013;2.09;0
02/08/2013;2.09;0
03/08/2013;2.08;0
04/08/2013;2.09;0
05/08/2013;2.08;0
06/08/2013;2.09;0
07/08/2013;2.07;0
08/08/2013;2.08;0
09/08/2013;2.1;0
10/08/2013;2.1;0
11/08/2013;2.08;0
12/08/2013;2.08;0
13/08/2013;2.11;0
14/08/2013;2.12;0
15/08/2013;2.1;0
16/08/2013;2.1;0
17/08/2013;2.12;0
18/08/2013;2.11;0
19/08/2013;2.1;0
20/08/2013;2.12;0
21/08/2013;2.11;0
22/08/2013;2.11;0
23/08/2013;2.13;0
24/08/2013;2.14;0
25/08/2013;2.15;0
26/08/2013;2.15;0
27/08/2013;2.14;0
28/08/2013;2.12;0
29/08/2013;2.12;0
30/08/2013;2.12;0
31/08/2013;2.13;0
01/09/2013;2.14;0
02/09/2013;2.15;0
03/09/2013;2.16;0
04/09/2013;2.17;0
05/09/2013;2.15;0
06/09/2013;2.16;2
07/09/2013;2.16;44
08/09/2013;2.15;0
09/09/2013;2.14;0
10/09/2013;2.14;0
11/09/2013;2.14;11
12/09/2013;2.13;2
13/09/2013;2.15;0
14/09/2013;2.16;0
15/09/2013;2.15;16
16/09/2013;2.14;14
17/09/2013;2.14;0
18/09/2013;2.12;0
19/09/2013;2.12;0
20/09/2013;2.12;0
21/09/2013;2.11;0
22/09/2013;2.13;0
23/09/2013;2.15;0
24/09/2013;2.15;0
25/09/2013;2.14;0
26/09/2013;2.15;0
27/09/2013;2.14;0
28/09/2013;2.15;0.6
29/09/2013;2.14;0
30/09/2013;2.14;0.3
01/10/2013;2.16;3
02/10/2013;2.16;0
03/10/2013;;4
04/10/2013;;0
05/10/2013;2.14;0
06/10/2013;2.15;0
07/10/2013;2.15;0
08/10/2013;2.15;0
09/10/2013;2.13;9
10/10/2013;2.15;0
11/10/2013;2.16;0
12/10/2013;2.16;0
13/10/2013;2.16;0
14/10/2013;2.16;0
15/10/2013;2.16;4
16/10/2013;2.17;13
17/10/2013;2.17;0
18/10/2013;2.18;0
19/10/2013;2.18;15
20/10/2013;2.17;6
21/10/2013;2.19;0
22/10/2013;2.19;0.8
23/10/2013;2.19;15
24/10/2013;2.2;0
25/10/2013;2.18;0.5
26/10/2013;2.17;0
27/10/2013;2.17;0
28/10/2013;2.18;0
29/10/2013;2.18;0
30/10/2013;2.19;0
31/10/2013;2.19;4
01/11/2013;2.2;20
02/11/2013;2.2;0
03/11/2013;2.21;0
04/11/2013;2.21;0
05/11/2013;2.22;0
06/11/2013;2.23;3
07/11/2013;2.23;7
08/11/2013;2.24;0
09/11/2013;2.25;0
10/11/2013;2.26;0
11/11/2013;2.26;0
12/11/2013;2.26;0.2
13/11/2013;2.27;0
14/11/2013;2.28;8
15/11/2013;2.29;0
16/11/2013;2.31;0
17/11/2013;2.32;0
18/11/2013;2.33;0
19/11/2013;2.35;0
20/11/2013;2.37;0
21/11/2013;2.38;0
22/11/2013;2.4;0
23/11/2013;2.42;0
24/11/2013;2.43;47
25/11/2013;2.44;6
26/11/2013;2.37;9
27/11/2013;2.34;0.3
28/11/2013;2.32;0
29/11/2013;2.33;2
30/11/2013;2.35;0
01/12/2013;2.36;0
02/12/2013;2.37;0
03/12/2013;2.37;0
04/12/2013;2.37;0
05/12/2013;2.39;0
06/12/2013;2.41;0
07/12/2013;2.42;0
08/12/2013;2.44;2
09/12/2013;2.46;0
10/12/2013;2.48;0
11/12/2013;2.49;0
12/12/2013;2.5;0
13/12/2013;2.51;0
14/12/2013;2.52;0
15/12/2013;2.55;0
16/12/2013;2.56;0
17/12/2013;2.58;6
18/12/2013;2.6;0
19/12/2013;2.62;0
20/12/2013;2.64;0
21/12/2013;2.65;0
22/12/2013;2.67;0
23/12/2013;2.7;0
24/12/2013;2.71;0
25/12/2013;2.74;0
26/12/2013;2.76;1
27/12/2013;2.78;0
28/12/2013;2.8;0
29/12/2013;2.82;0
30/12/2013;2.84;2
31/12/2013;2.87;0
01/01/2014;2.89;20
02/01/2014;2.91;0
03/01/2014;2.94;0
04/01/2014;2.96;0
05/01/2014;2.97;0
06/01/2014;2.99;0
07/01/2014;3.01;0
08/01/2014;3.04;0
09/01/2014;3.06;2
10/01/2014;3.07;0
11/01/2014;3.1;0
12/01/2014;3.12;0
13/01/2014;3.14;0
14/01/2014;3.15;0
15/01/2014;3.17;0
16/01/2014;3.19;0
17/01/2014;3.2;0
18/01/2014;3.22;4
19/01/2014;3.24;0
20/01/2014;3.26;45
21/01/2014;3.27;0
22/01/2014;3.29;10
23/01/2014;3.3;20
24/01/2014;3.07;0
25/01/2014;2.97;0
26/01/2014;2.93;0
27/01/2014;2.91;2
28/01/2014;2.91;6
29/01/2014;2.92;0
30/01/2014;2.93;0
31/01/2014;2.93;0.2
01/02/2014;2.95;9
02/02/2014;2.96;0
03/02/2014;2.97;0
04/02/2014;2.99;0.1
05/02/2014;2.99;13
06/02/2014;2.79;1
07/02/2014;2.62;0
08/02/2014;2.58;54
09/02/2014;2.54;0
10/02/2014;2.48;16
11/02/2014;2.47;12
12/02/2014;2.3;2
13/02/2014;2.27;0
14/02/2014;2.26;0
15/02/2014;2.26;0
16/02/2014;2.27;2
17/02/2014;2.28;16
18/02/2014;2.29;28
19/02/2014;2.18;30
20/02/2014;2.13;0
21/02/2014;2.06;0
22/02/2014;2.05;0
23/02/2014;2.05;0
24/02/2014;2.05;0
25/02/2014;2.07;0
26/02/2014;2.07;0
27/02/2014;2.08;0
28/02/2014;2.09;0
01/03/2014;2.1;0
02/03/2014;2.12;0
03/03/2014;2.13;0
04/03/2014;2.13;13
05/03/2014;2.13;0
06/03/2014;2.15;0
07/03/2014;2.16;0
08/03/2014;2.17;0
09/03/2014;2.16;0.1
10/03/2014;2.19;0
11/03/2014;2.19;0
12/03/2014;2.2;0
13/03/2014;2.21;0
14/03/2014;2.22;109
15/03/2014;2.15;0
16/03/2014;1.55;0.2
17/03/2014;1.4;0
18/03/2014;1.33;5
19/03/2014;1.25;0
20/03/2014;1.18;0
21/03/2014;1.16;0
22/03/2014;1.23;0
23/03/2014;1.21;0
24/03/2014;1.22;0
25/03/2014;1.24;0
26/03/2014;1.25;0
27/03/2014;1.25;12
28/03/2014;1.16;0
29/03/2014;1.07;18
30/03/2014;1.05;4
31/03/2014;0.7;0
01/04/2014;0.65;0
02/04/2014;0.65;0
03/04/2014;0.62;10
04/04/2014;0.6;23
05/04/2014;0.43;11
06/04/2014;0.44;0
07/04/2014;0.44;41
08/04/2014;0.41;0
09/04/2014;0.42;0
10/04/2014;0.43;0
11/04/2014;0.43;0
12/04/2014;0.43;2
13/04/2014;0.47;0
14/04/2014;0.49;0
15/04/2014;0.5;0
16/04/2014;0.53;0
17/04/2014;0.58;0
18/04/2014;0.61;0
19/04/2014;0.64;0
20/04/2014;0.7;0.3
21/04/2014;0.69;0
22/04/2014;0.73;0
23/04/2014;0.74;0
24/04/2014;0.77;0
25/04/2014;0.78;0
26/04/2014;0.79;0
27/04/2014;0.79;0
28/04/2014;0.82;0
29/04/2014;0.82;5
30/04/2014;0.81;0
01/05/2014;0.79;0
02/05/2014;0.82;7
03/05/2014;0.87;5
04/05/2014;0.85;0
05/05/2014;0.85;0.1
06/05/2014;0.85;0
07/05/2014;0.85;0
08/05/2014;0.87;0
09/05/2014;0.89;0
10/05/2014;0.89;6
11/05/2014;0.9;0
12/05/2014;0.84;0
13/05/2014;0.82;0
14/05/2014;0.82;0.2
15/05/2014;0.83;0
16/05/2014;0.87;7
17/05/2014;0.86;0
18/05/2014;0.84;0.5
19/05/2014;0.86;0
20/05/2014;0.87;15
21/05/2014;0.86;25
22/05/2014;0.55;0
23/05/2014;0.59;0
24/05/2014;0.56;0
25/05/2014;0.58;0
26/05/2014;0.64;0
27/05/2014;0.67;0
28/05/2014;0.69;0
29/05/2014;0.69;0
30/05/2014;0.73;33
31/05/2014;0.75;0
01/06/2014;0.74;0
02/06/2014;0.76;0
06/03/2014;0.77;0
06/04/2014;0.77;0.7
06/05/2014;0.8;0
06/06/2014;0.83;0.3
06/07/2014;0.81;3
06/08/2014;0.82;0
06/09/2014;0.84;0
06/10/2014;0.89;0.7
06/11/2014;0.85;14
06/12/2014;0.82;18
13/06/2014;0.7;0
14/06/2014;0.64;0
15/06/2014;0.61;0
16/06/2014;0.63;0
17/06/2014;0.66;0
18/06/2014;0.71;0
19/06/2014;0.72;0
20/06/2014;0.7;0
21/06/2014;0.72;6
22/06/2014;0.74;0
23/06/2014;0.65;0
24/06/2014;0.63;0
25/06/2014;0.64;0
26/06/2014;0.67;0
27/06/2014;0.71;0
28/06/2014;0.74;0
29/06/2014;0.73;0
30/06/2014;0.72;0
07/01/2014;0.72;0
07/02/2014;0.75;0
07/03/2014;0.77;0
07/04/2014;0.79;0
07/05/2014;0.8;14
07/06/2014;0.57;10
07/07/2014;0.5;0
07/08/2014;0.54;0
07/09/2014;0.52;0
07/10/2014;0.57;0
07/11/2014;0.58;0
07/12/2014;0.6;12
13/07/2014;0.58;0
14/07/2014;0.57;8
15/07/2014;0.58;0
16/07/2014;0.54;0
17/07/2014;0.56;0
18/07/2014;0.59;0
19/07/2014;0.58;0
20/07/2014;0.62;0
21/07/2014;0.63;0.9
22/07/2014;0.67;18
23/07/2014;0.68;0
24/07/2014;0.71;0
25/07/2014;0.7;0
26/07/2014;0.76;0
27/07/2014;0.78;0
28/07/2014;0.78;0
29/07/2014;0.78;0
30/07/2014;0.8;0.5
31/07/2014;0.79;10
01/08/2014;0.69;0
02/08/2014;0.68;3
03/08/2014;0.66;0
04/08/2014;0.71;0
05/08/2014;0.7;0
06/08/2014;0.68;0
07/08/2014;0.76;0
08/08/2014;0.78;0
09/08/2014;0.74;0
10/08/2014;0.74;0
11/08/2014;0.78;0
12/08/2014;0.79;0
13/08/2014;0.85;0
14/08/2014;0.83;0
15/08/2014;0.84;0
16/08/2014;0.86;0
17/08/2014;0.88;0
18/08/2014;0.88;0
19/08/2014;0.87;0
20/08/2014;0.9;0
21/08/2014;0.89;7
22/08/2014;0.9;5
23/08/2014;0.82;12
24/08/2014;0.73;0.2
25/08/2014;0.7;8
26/08/2014;0.69;0
27/08/2014;0.69;0
28/08/2014;0.69;0
29/08/2014;0.71;0
30/08/2014;0.73;0.2
31/08/2014;0.75;0
09/01/2014;0.77;10
09/02/2014;0.78;0
09/03/2014;0.83;0.3
09/04/2014;0.86;40
09/05/2014;0.83;42
09/06/2014;0.59;0
09/07/2014;0.51;0
09/08/2014;0.55;0.8
09/09/2014;0.58;0
09/10/2014;0.55;0
09/11/2014;0.59;0
09/12/2014;0.62;0
13/09/2014;0.66;0
14/09/2014;0.72;0
15/09/2014;0.72;0
16/09/2014;0.73;0
17/09/2014;0.77;0
18/09/2014;0.8;0
19/09/2014;0.82;0
20/09/2014;0.84;0
21/09/2014;0.88;0
22/09/2014;0.86;3
23/09/2014;0.88;11
24/09/2014;0.79;0
25/09/2014;0.75;0
26/09/2014;0.8;0
27/09/2014;0.83;0
28/09/2014;0.82;4
29/09/2014;0.85;0.2
30/09/2014;0.92;0
01/10/2014;0.93;0
02/10/2014;0.95;0
03/10/2014;0.95;0
04/10/2014;0.93;14
05/10/2014;0.92;17
06/10/2014;0.85;0
07/10/2014;0.77;0
08/10/2014;0.8;4
09/10/2014;0.82;4
10/10/2014;0.85;0
11/10/2014;0.9;0
12/10/2014;0.92;0
13/10/2014;0.94;0
14/10/2014;0.96;0
15/10/2014;1.01;0
16/10/2014;0.99;0
17/10/2014;1.01;0
18/10/2014;0.99;0
19/10/2014;1.05;0
20/10/2014;1.07;0
21/10/2014;1.08;0
22/10/2014;1.1;0
23/10/2014;1.12;0
24/10/2014;1.13;0
25/10/2014;1.14;0
26/10/2014;1.16;0
27/10/2014;1.17;6
28/10/2014;1.18;93
29/10/2014;0.97;6
30/10/2014;0.67;5
31/10/2014;0.68;0
01/11/2014;0.7;0.4
02/11/2014;0.74;22
03/11/2014;0.61;5
04/11/2014;0.52;0
05/11/2014;0.57;0
06/11/2014;0.64;0
07/11/2014;0.7;0
08/11/2014;0.71;0
09/11/2014;0.76;0
10/11/2014;0.82;9
11/11/2014;0.82;0
12/11/2014;0.87;0
13/11/2014;0.91;0
14/11/2014;0.92;0
15/11/2014;0.95;0
16/11/2014;1.01;0
17/11/2014;1.03;0
18/11/2014;1.03;23
19/11/2014;1.06;0
20/11/2014;1.03;0
21/11/2014;1.06;0
22/11/2014;1.03;0
23/11/2014;1.04;1
24/11/2014;1.07;0
25/11/2014;1.1;0
26/11/2014;1.12;0
27/11/2014;1.14;2
28/11/2014;1.17;0
29/11/2014;1.18;58
30/11/2014;1.17;0
01/12/2014;1.16;0
02/12/2014;1.17;0
03/12/2014;1.16;0
04/12/2014;1.2;0
05/12/2014;1.24;0
06/12/2014;1.23;12
07/12/2014;1.27;3
08/12/2014;1.26;0
09/12/2014;1.29;4
10/12/2014;1.32;0
11/12/2014;1.32;0
12/12/2014;1.34;0
13/12/2014;1.35;0
14/12/2014;1.36;0
15/12/2014;1.38;0
16/12/2014;1.4;0
17/12/2014;1.42;0
18/12/2014;1.44;0
19/12/2014;1.45;8
20/12/2014;1.48;1
21/12/2014;1.51;0.2
22/12/2014;1.53;0
23/12/2014;1.56;0
24/12/2014;1.57;0
25/12/2014;1.59;0
26/12/2014;1.62;8
27/12/2014;1.64;0
28/12/2014;1.66;0
29/12/2014;1.68;0
30/12/2014;1.7;0.7
31/12/2014;1.72;11
01/01/2015;1.74;0.2
02/01/2015;1.76;0
03/01/2015;1.78;0
04/01/2015;1.8;0
05/01/2015;1.82;15
06/01/2015;1.84;0
07/01/2015;1.86;0
08/01/2015;1.88;1
09/01/2015;1.9;0
10/01/2015;1.92;0
11/01/2015;1.94;0
12/01/2015;1.96;0.4
13/01/2015;1.99;0.6
14/01/2015;2.01;0
15/01/2015;2.04;0
16/01/2015;2.05;0
17/01/2015;2.07;0
18/01/2015;2.09;0.2
19/01/2015;2.11;4
20/01/2015;2.12;0
21/01/2015;2.12;0
22/01/2015;2.13;0
23/01/2015;2.14;0
24/01/2015;2.16;0
25/01/2015;2.17;0.7
26/01/2015;2.18;0
27/01/2015;2.19;5
28/01/2015;2.21;0
29/01/2015;2.23;0
30/01/2015;2.24;0
31/01/2015;2.25;0
01/02/2015;2.26;0
02/02/2015;2.27;0
03/02/2015;2.29;0
04/02/2015;2.3;40
05/02/2015;2.32;0
06/02/2015;2.33;0
07/02/2015;2.35;0
08/02/2015;2.36;0
09/02/2015;2.37;0
10/02/2015;2.39;0
11/02/2015;2.41;0
12/02/2015;2.42;0
13/02/2015;2.45;0
14/02/2015;2.46;0
15/02/2015;2.48;0
16/02/2015;2.5;0
17/02/2015;2.52;0
18/02/2015;2.53;0
19/02/2015;2.55;0
20/02/2015;2.57;0
21/02/2015;2.59;0
22/02/2015;2.6;0
23/02/2015;2.61;0
24/02/2015;2.63;2
25/02/2015;2.64;0
26/02/2015;2.66;0
27/02/2015;2.67;0
28/02/2015;2.69;0
01/03/2015;2.7;0.4
02/03/2015;2.71;0
03/03/2015;2.73;47
04/03/2015;2.74;0
05/03/2015;2.77;0
06/03/2015;2.77;0
07/03/2015;2.78;0
08/03/2015;2.78;0
09/03/2015;2.79;0
10/03/2015;2.8;0
11/03/2015;2.81;0
12/03/2015;2.82;0
13/03/2015;2.83;5
14/03/2015;2.84;0
15/03/2015;2.86;0
16/03/2015;2.87;0
17/03/2015;2.88;0
18/03/2015;2.9;0
19/03/2015;2.91;0
20/03/2015;2.92;0
21/03/2015;2.93;0
22/03/2015;2.95;0
23/03/2015;2.96;0
24/03/2015;2.97;1
25/03/2015;2.98;0
26/03/2015;2.99;0
27/03/2015;3.01;0
28/03/2015;3.02;0
29/03/2015;3.03;0
30/03/2015;3.04;0
31/03/2015;3.05;0
01/04/2015;3.06;0
02/04/2015;3.07;0
03/04/2015;3.08;0
04/04/2015;3.1;0
05/04/2015;3.11;0
06/04/2015;3.13;0
07/04/2015;3.14;0
08/04/2015;3.14;0
09/04/2015;3.15;0
10/04/2015;3.17;0.5
11/04/2015;3.18;0
12/04/2015;3.19;0
13/04/2015;3.19;2
14/04/2015;3.2;0
15/04/2015;3.21;25
16/04/2015;3.22;31
17/04/2015;3.22;0
18/04/2015;3.23;0
19/04/2015;3.23;0
20/04/2015;3.24;0
21/04/2015;3.25;0
22/04/2015;3.25;0
23/04/2015;3.25;0
24/04/2015;3.26;0
25/04/2015;3.26;0
26/04/2015;3.27;0
27/04/2015;3.27;sin registro
28/04/2015;3.28;sin registro
29/04/2015;3.28;sin registro
30/04/2015;3.27;sin registro
01/05/2015;3.26;sin registro
02/05/2015;3.24;sin registro
03/05/2015;3.17;sin registro
04/05/2015;3.15;sin registro
05/05/2015;3.14;sin registro
06/05/2015;3.14;sin registro
07/05/2015;3.14;sin registro
08/05/2015;3.14;sin registro
09/05/2015;3.14;sin registro
10/05/2015;3.14;sin registro
11/05/2015;3.15;sin registro
12/05/2015;3.15;sin registro
13/05/2015;3.16;sin registro
14/05/2015;3.16;sin registro
15/05/2015;3.16;sin registro
16/05/2015;3.17;0
17/05/2015;3.17;3
18/05/2015;3.18;22
19/05/2015;3.19;0
20/05/2015;3.2;0
21/05/2015;3.19;0
22/05/2015;3.2;58
23/05/2015;3.19;0
24/05/2015;2.86;0
25/05/2015;2.76;0
26/05/2015;2.73;0
27/05/2015;2.73;0
28/05/2015;2.73;0
29/05/2015;2.72;1
30/05/2015;2.72;0
31/05/2015;2.72;0
01/06/2015;2.72;0
02/06/2015;2.72;0
03/06/2015;2.72;0
04/06/2015;2.73;0
05/06/2015;2.72;0
06/06/2015;2.73;0
07/06/2015;2.72;0
08/06/2015;2.72;0
09/06/2015;2.72;0
10/06/2015;2.72;0
11/06/2015;2.72;0
12/06/2015;2.72;0
13/06/2015;2.71;0
14/06/2015;2.71;0
15/06/2015;2.72;0
16/06/2015;2.72;0
17/06/2015;2.73;0
18/06/2015;2.74;0
19/06/2015;2.74;0
20/06/2015;2.73;0
21/06/2015;2.74;0
22/06/2015;2.74;0
23/06/2015;2.76;0
24/06/2015;2.76;0
25/06/2015;2.75;10
26/06/2015;2.76;0
27/06/2015;2.77;66
28/06/2015;2.76;0
29/06/2015;2.75;0
30/06/2015;2.73;0
01/07/2015;2.73;0
02/07/2015;2.72;3
03/07/2015;2.72;0
04/07/2015;2.72;0
05/07/2015;2.71;0
06/07/2015;2.71;0
07/07/2015;2.71;0
08/07/2015;2.71;0
09/07/2015;2.7;0
10/07/2015;2.71;0
11/07/2015;2.71;0
12/07/2015;2.71;0
13/07/2015;2.71;0
14/07/2015;2.7;0
15/07/2015;2.71;0
16/07/2015;2.72;0
17/07/2015;2.72;0
18/07/2015;2.71;0
19/07/2015;2.72;0
20/07/2015;2.72;0
21/07/2015;2.72;0
22/07/2015;2.71;0
23/07/2015;2.72;0
24/07/2015;2.72;0
25/07/2015;2.72;0
26/07/2015;2.72;0
27/07/2015;2.72;0
28/07/2015;2.72;0
29/07/2015;2.73;0
30/07/2015;2.73;76
31/07/2015;2.72;3
01/08/2015;2.38;0
02/08/2015;2.26;0
03/08/2015;2.23;0
04/08/2015;2.21;0
05/08/2015;2.21;49
06/08/2015;2.19;3
07/08/2015;1.96;0
08/08/2015;1.88;44
09/08/2015;1.77;111
10/08/2015;0.9;0.6
11/08/2015;0.47;0
12/08/2015;0.44;2
13/08/2015;0.46;24
14/08/2015;0.41;0
15/08/2015;0.44;0
16/08/2015;0.48;0
17/08/2015;0.48;0
18/08/2015;0.53;0
19/08/2015;0.59;0
20/08/2015;0.62;0
21/08/2015;0.63;0
22/08/2015;0.64;0
23/08/2015;0.69;0
24/08/2015;0.76;0
25/08/2015;0.75;1
26/08/2015;0.76;0
27/08/2015;0.8;0
28/08/2015;0.82;0
29/08/2015;0.83;0
30/08/2015;0.9;0
31/08/2015;0.91;0
01/09/2015;0.99;0
02/09/2015;0.96;0
03/09/2015;0.95;0
04/09/2015;0.96;0
05/09/2015;0.99;0
06/09/2015;0.98;0
07/09/2015;0.98;1
08/09/2015;0.99;0.3
09/09/2015;1.01;0.3
10/09/2015;1.03;0
11/09/2015;1.06;0
12/09/2015;1.06;0
13/09/2015;1.07;0
14/09/2015;1.08;0
15/09/2015;1.07;0
16/09/2015;1.11;0
17/09/2015;1.13;0
18/09/2015;1.15;0
19/09/2015;1.16;0
20/09/2015;1.17;0
21/09/2015;1.18;0
22/09/2015;1.19;5
23/09/2015;1.19;4
24/09/2015;1.17;0
25/09/2015;1.18;0
26/09/2015;1.2;0
27/09/2015;1.2;0
28/09/2015;1.2;0
29/09/2015;1.21;0
30/09/2015;1.23;0
01/10/2015;1.23;19
02/10/2015;1.22;0
03/10/2015;1.22;0
04/10/2015;1.22;0
05/10/2015;1.23;311
06/10/2015;1.23;0
07/10/2015;1.22;0
08/10/2015;1.23;0
09/10/2015;1.26;0
10/10/2015;1.27;0
11/10/2015;1.27;0
12/10/2015;1.27;0
13/10/2015;1.26;0
14/10/2015;1.27;23
15/10/2015;1.24;0
16/10/2015;1.25;0
17/10/2015;1.28;0
18/10/2015;1.28;0
19/10/2015;1.27;9
20/10/2015;1.26;0
21/10/2015;1.28;0
22/10/2015;1.3;0
23/10/2015;1.31;0
24/10/2015;1.32;0
25/10/2015;1.32;0
26/10/2015;1.32;0
27/10/2015;1.34;0
28/10/2015;1.36;39
29/10/2015;1.35;3
30/10/2015;1.28;0
31/10/2015;1.29;0
01/11/2015;1.3;0
02/11/2015;1.33;0
03/11/2015;1.33;0
04/11/2015;1.35;0
05/11/2015;1.35;0
06/11/2015;1.38;0
07/11/2015;1.38;0
08/11/2015;1.39;0
09/11/2015;1.4;0
10/11/2015;1.4;0
11/11/2015;1.42;0
12/11/2015;1.44;60
13/11/2015;1.42;0
14/11/2015;1.37;0
15/11/2015;1.39;0
16/11/2015;1.42;3
17/11/2015;1.44;0
18/11/2015;1.43;0
19/11/2015;1.43;0.2
20/11/2015;1.44;0
21/11/2015;1.45;0
22/11/2015;1.48;0
23/11/2015;1.5;0
24/11/2015;1.49;0
25/11/2015;1.52;0
26/11/2015;1.54;18
27/11/2015;1.54;12
28/11/2015;1.54;0
29/11/2015;1.54;0
30/11/2015;1.56;0
01/12/2015;1.6;0
02/12/2015;1.64;0
03/12/2015;1.63;5
04/12/2015;1.65;16
05/12/2015;1.66;0
06/12/2015;1.65;0
07/12/2015;1.66;0
08/12/2015;1.69;1
09/12/2015;1.7;0
10/12/2015;1.72;0
11/12/2015;1.74;2
12/12/2015;1.77;19
13/12/2015;1.76;0
14/12/2015;1.8;0
15/12/2015;1.81;0
16/12/2015;1.83;3
17/12/2015;1.86;0
18/12/2015;1.87;0
19/12/2015;1.87;0
20/12/2015;1.9;0
21/12/2015;1.93;65
22/12/2015;1.95;0
23/12/2015;1.99;0
24/12/2015;2;0
25/12/2015;2.05;0
26/12/2015;2.11;0
27/12/2015;2.13;0
28/12/2015;2.17;0
29/12/2015;2.2;0
30/12/2015;2.22;0
31/12/2015;2.17;1
01/01/2016;2.18;0
02/01/2016;2.2;0
03/01/2016;2.25;0
04/01/2016;2.26;0
05/01/2016;2.3;0
06/01/2016;2.26;0
07/01/2016;2.27;0
08/01/2016;2.31;0
09/01/2016;2.31;0
10/01/2016;2.32;0
11/01/2016;2.34;0
12/01/2016;2.36;0
13/01/2016;2.37;0
14/01/2016;2.39;0
15/01/2016;2.41;0
16/01/2016;2.44;9
17/01/2016;2.46;0
18/01/2016;2.49;0
19/01/2016;2.51;4
20/01/2016;2.53;0
21/01/2016;2.55;0
22/01/2016;2.57;0
23/01/2016;2.6;0
24/01/2016;2.62;1
25/01/2016;2.64;0.2
26/01/2016;2.67;0
27/01/2016;2.69;0
28/01/2016;2.71;0
29/01/2016;2.72;0
30/01/2016;2.74;0
31/01/2016;2.75;0
01/02/2016;2.77;0
02/02/2016;2.79;0
03/02/2016;2.8;0
04/02/2016;2.82;0
05/02/2016;2.84;0
06/02/2016;2.86;0
07/02/2016;2.96;71
08/02/2016;3.02;42
09/02/2016;3.13;0
10/02/2016;3.05;0
11/02/2016;3.06;0
12/02/2016;3.08;68
13/02/2016;3.05;0
14/02/2016;2.96;0
15/02/2016;2.99;0
16/02/2016;3.04;30
17/02/2016;2.97;0
18/02/2016;2.94;8
19/02/2016;2.94;0
20/02/2016;2.9;0
21/02/2016;2.98;0
22/02/2016;3.02;0
23/02/2016;3.04;0
24/02/2016;3.11;14
25/02/2016;3.13;5
26/02/2016;3.07;0
27/02/2016;3.04;0
28/02/2016;3.03;0
29/02/2016;3.01;0
01/03/2016;3.07;0
02/03/2016;3.03;0
03/03/2016;3.03;0
04/03/2016;3.15;1
05/03/2016;3.09;0
06/03/2016;3;0
07/03/2016;3.03;0
08/03/2016;3.06;0
09/03/2016;3.14;0
10/03/2016;3.02;0
11/03/2016;3.06;0
12/03/2016;3.11;0
13/03/2016;3.09;0
14/03/2016;3.12;0
15/03/2016;3.13;0
16/03/2016;3.16;0
17/03/2016;3.17;40
18/03/2016;3.06;0
19/03/2016;2.98;0
20/03/2016;3.02;0
21/03/2016;3.05;0
22/03/2016;3.11;0
23/03/2016;3.15;0
24/03/2016;3.17;0
25/03/2016;3.08;0
26/03/2016;3.09;0
27/03/2016;3.12;0
28/03/2016;3.11;0
29/03/2016;3.07;0
30/03/2016;3.13;0
31/03/2016;3.1;0
01/04/2016;3.11;24
02/04/2016;3.12;5
03/04/2016;3.12;14
04/04/2016;3.21;15
05/04/2016;3.21;0
06/04/2016;3.19;0.1
07/04/2016;3.18;0
08/04/2016;3.31;10
09/04/2016;3.27;0
10/04/2016;3.22;0
11/04/2016;3.19;0
12/04/2016;3.24;0
13/04/2016;3.26;7
14/04/2016;3.26;0
15/04/2016;3.44;6
16/04/2016;3.39;0
17/04/2016;3.31;0
18/04/2016;3.17;40
19/04/2016;3.21;2
20/04/2016;2.95;0
21/04/2016;2.97;0
22/04/2016;2.8;0
23/04/2016;2.87;0.1
24/04/2016;2.99;1
25/04/2016;2.87;0
26/04/2016;2.74;0
27/04/2016;2.7;0
28/04/2016;2.7;0
29/04/2016;2.72;0
30/04/2016;2.7;0
01/05/2016;2.72;0.2
02/05/2016;2.79;0
03/05/2016;2.75;0
04/05/2016;2.72;0
05/05/2016;2.86;0
06/05/2016;2.84;1
07/05/2016;2.79;0
08/05/2016;2.77;0
09/05/2016;2.83;0
10/05/2016;2.94;0
11/05/2016;2.88;0
12/05/2016;2.84;0
13/05/2016;;0
14/05/2016;;0.2
15/05/2016;;5
16/05/2016;;0
17/05/2016;;0
18/05/2016;;0
19/05/2016;;0
20/05/2016;;0
21/05/2016;;0
22/05/2016;;0
23/05/2016;;0
24/05/2016;;0
25/05/2016;;0
26/05/2016;;0.3
27/05/2016;;0
28/05/2016;;17
29/05/2016;;6
30/05/2016;;8
31/05/2016;;0
01/06/2016;;0
02/06/2016;;0
03/06/2016;;0
04/06/2016;;10
05/06/2016;;0
06/06/2016;;0
07/06/2016;;0
08/06/2016;;0
09/06/2016;;0
10/06/2016;;0
11/06/2016;;0
12/06/2016;;0
13/06/2016;;0
14/06/2016;;0
15/06/2016;;0
16/06/2016;;0
17/06/2016;;0
18/06/2016;;0
19/06/2016;;0
20/06/2016;;0
21/06/2016;;0
22/06/2016;;0
23/06/2016;;0
24/06/2016;;0
25/06/2016;;0
26/06/2016;;2
27/06/2016;;17
28/06/2016;;0
29/06/2016;;0
30/06/2016;;0.5
01/07/2016;;0.4
02/07/2016;;11
03/07/2016;;5
04/07/2016;;0
05/07/2016;;0
06/07/2016;;0
07/07/2016;;0
08/07/2016;;0
09/07/2016;;0
10/07/2016;;0
11/07/2016;;0.8
12/07/2016;;0
13/07/2016;;0
14/07/2016;;0
15/07/2016;;3
16/07/2016;;0
17/07/2016;;0
18/07/2016;;0
19/07/2016;;0
20/07/2016;;0
21/07/2016;;0
22/07/2016;;0
23/07/2016;;0
24/07/2016;;0
25/07/2016;;63
26/07/2016;;4
27/07/2016;;0
28/07/2016;;0
29/07/2016;;0
30/07/2016;;0
31/07/2016;;0
01/08/2016;;0
02/08/2016;;0
03/08/2016;;0
04/08/2016;;0
05/08/2016;;0
06/08/2016;;0
07/08/2016;;0
08/08/2016;;0
09/08/2016;2.22;0
10/08/2016;2.23;0
11/08/2016;2.23;0
12/08/2016;2.23;0
13/08/2016;2.22;0
14/08/2016;2.23;0
15/08/2016;2.22;0
16/08/2016;2.23;0
17/08/2016;2.23;0
18/08/2016;2.24;0
19/08/2016;2.24;0
20/08/2016;2.25;0
21/08/2016;2.27;0
22/08/2016;2.24;0
23/08/2016;2.24;0
24/08/2016;2.25;0
25/08/2016;2.25;0
26/08/2016;2.25;9
27/08/2016;2.26;0
28/08/2016;2.27;0
29/08/2016;2.28;0
30/08/2016;2.27;0
31/08/2016;2.26;0
01/09/2016;2.28;0
02/09/2016;2.29;0
03/09/2016;2.3;0
04/09/2016;2.3;0.6
05/09/2016;2.3;14
06/09/2016;2.29;1
07/09/2016;2.28;0
08/09/2016;2.29;0
09/09/2016;2.28;0
10/09/2016;2.29;0
11/09/2016;2.3;0
12/09/2016;2.29;28
13/09/2016;2.28;0
14/09/2016;2.28;0
15/09/2016;2.28;0
16/09/2016;2.28;0
17/09/2016;2.27;6
18/09/2016;2.29;0
19/09/2016;2.29;0
20/09/2016;2.28;0
21/09/2016;2.28;0
22/09/2016;2.28;0
23/09/2016;2.3;0
24/09/2016;2.3;0
25/09/2016;2.29;0
26/09/2016;2.29;0
27/09/2016;2.29;0
28/09/2016;2.3;0
29/09/2016;2.32;0
30/09/2016;2.31;0.1
01/10/2016;2.32;0.2
02/10/2016;2.32;4
03/10/2016;2.32;0.5
04/10/2016;2.32;0.6
05/10/2016;2.32;0
06/10/2016;2.33;0
07/10/2016;2.32;0
08/10/2016;2.33;0
09/10/2016;2.33;0
10/10/2016;2.34;0.8
11/10/2016;2.34;0
12/10/2016;2.33;22
13/10/2016;2.34;0
14/10/2016;2.36;44
15/10/2016;2.35;0.9
16/10/2016;2.31;0
17/10/2016;2.3;4
18/10/2016;2.3;4
19/10/2016;2.3;7
20/10/2016;2.29;1
21/10/2016;2.28;0
22/10/2016;2.28;0
23/10/2016;2.28;0
24/10/2016;2.28;0
25/10/2016;2.29;30
26/10/2016;2.27;0
27/10/2016;2.24;0
28/10/2016;2.23;0
29/10/2016;2.23;0
30/10/2016;2.23;0
31/10/2016;2.23;0.9
01/11/2016;2.22;8
02/11/2016;2.23;0
03/11/2016;2.24;0
04/11/2016;2.24;0
05/11/2016;2.26;0
06/11/2016;2.26;0
07/11/2016;2.27;0.8
08/11/2016;2.28;6
09/11/2016;2.28;0
10/11/2016;2.28;0
11/11/2016;2.29;0
12/11/2016;2.3;8
13/11/2016;2.3;0
14/11/2016;2.31;4
15/11/2016;2.31;0
16/11/2016;2.33;0
17/11/2016;2.34;0
18/11/2016;2.35;0
19/11/2016;2.35;0
20/11/2016;2.35;0
21/11/2016;2.37;0
22/11/2016;2.38;0
23/11/2016;2.38;0
24/11/2016;2.4;0
25/11/2016;2.41;0
26/11/2016;2.43;18
27/11/2016;2.44;0
28/11/2016;2.45;0
29/11/2016;2.47;0
30/11/2016;2.48;0
01/12/2016;2.49;0
02/12/2016;2.5;0
03/12/2016;2.52;0
04/12/2016;2.53;0
05/12/2016;2.55;5
06/12/2016;2.56;0
07/12/2016;2.58;0
08/12/2016;2.6;0
09/12/2016;2.61;0
10/12/2016;2.62;0
11/12/2016;2.64;0
12/12/2016;2.66;0
13/12/2016;2.69;0
14/12/2016;2.72;0
15/12/2016;2.74;0
16/12/2016;2.76;0
17/12/2016;2.78;2
18/12/2016;2.8;24
19/12/2016;2.82;0
20/12/2016;2.84;0
21/12/2016;2.85;16
22/12/2016;2.87;0
23/12/2016;2.89;0
24/12/2016;2.9;28
25/12/2016;2.91;7
26/12/2016;2.91;0
27/12/2016;2.93;0
28/12/2016;2.94;0
29/12/2016;2.95;0
30/12/2016;2.96;0
31/12/2016;2.97;0
01/01/2017;2.98;0
02/01/2017;3;16
03/01/2017;3.01;1
04/01/2017;3.02;0
05/01/2017;3.03;0
06/01/2017;3.05;0
07/01/2017;3.06;0
08/01/2017;3.08;0
09/01/2017;3.08;0.1
10/01/2017;3.1;0
11/01/2017;3.11;0
12/01/2017;3.13;0
13/01/2017;3.13;0
14/01/2017;3.16;0
15/01/2017;3.17;0
16/01/2017;3.18;29
17/01/2017;3.19;0
18/01/2017;3.21;0
19/01/2017;3.22;28
20/01/2017;3.24;24
21/01/2017;3.25;0
22/01/2017;3.27;0
23/01/2017;3.28;0
24/01/2017;3.29;0
25/01/2017;3.31;0
26/01/2017;3.33;0
27/01/2017;3.34;0
28/01/2017;3.35;0
29/01/2017;3.36;0
30/01/2017;3.38;0
31/01/2017;3.39;35
01/02/2017;3.4;0
02/02/2017;3.42;0
03/02/2017;3.43;0
04/02/2017;3.44;102
05/02/2017;3.45;45
06/02/2017;1.96;0
07/02/2017;1.61;0
08/02/2017;1.59;0
09/02/2017;1.64;0
10/02/2017;1.69;0
11/02/2017;1.72;0
12/02/2017;1.74;0
13/02/2017;1.77;0
14/02/2017;1.8;0
15/02/2017;1.83;0
16/02/2017;1.86;0
17/02/2017;1.88;0
18/02/2017;1.91;0
19/02/2017;1.95;0
20/02/2017;1.97;0
21/02/2017;2;19
22/02/2017;2.02;0
23/02/2017;2.05;0
24/02/2017;2.07;0
25/02/2017;2.09;0
26/02/2017;2.12;41
27/02/2017;2.13;0
28/02/2017;2.13;0
01/03/2017;2.15;7
02/03/2017;2.17;86
03/03/2017;2.03;0
04/03/2017;1.89;0
05/03/2017;1.87;0
06/03/2017;1.88;0
07/03/2017;1.91;0
08/03/2017;1.92;84
09/03/2017;1.93;0
10/03/2017;1.25;0
11/03/2017;1.11;0
12/03/2017;1.09;0
13/03/2017;1.13;0
14/03/2017;1.18;8
15/03/2017;1.21;6
16/03/2017;1.25;0
17/03/2017;1.28;0
18/03/2017;1.3;0
19/03/2017;1.32;0
20/03/2017;1.35;0
21/03/2017;1.38;0
22/03/2017;1.4;0
23/03/2017;1.42;0
24/03/2017;1.44;0
25/03/2017;1.47;0
26/03/2017;1.49;6
27/03/2017;1.52;0
28/03/2017;1.54;0
29/03/2017;1.56;0.2
30/03/2017;1.58;6
31/03/2017;1.61;0
01/04/2017;1.64;0
02/04/2017;1.65;1
03/04/2017;1.65;0
04/04/2017;1.68;0
05/04/2017;1.72;0
06/04/2017;1.71;0
07/04/2017;1.72;5
08/04/2017;1.74;96
09/04/2017;1.74;55
10/04/2017;0.84;25
11/04/2017;0.65;0
12/04/2017;0.67;0
13/04/2017;0.68;0
14/04/2017;0.72;0
15/04/2017;0.77;0
16/04/2017;0.84;0
17/04/2017;0.83;0
18/04/2017;0.88;0
19/04/2017;1.01;0
20/04/2017;1.04;0
21/04/2017;1.08;0
22/04/2017;1.06;0
23/04/2017;1.27;0
24/04/2017;1.32;0
25/04/2017;1;7
26/04/2017;0.76;0
27/04/2017;1.26;0
28/04/2017;1.41;0
29/04/2017;1.37;0
30/04/2017;1.39;0
01/05/2017;1.4;0
02/05/2017;1.4;0.2
03/05/2017;1.65;0
04/05/2017;1.47;0
05/05/2017;0.36;0
06/05/2017;0.39;0
07/05/2017;1.73;3
08/05/2017;;0
09/05/2017;;0
10/05/2017;;3
11/05/2017;;6
12/05/2017;;0.4
13/05/2017;;0
14/05/2017;;0
15/05/2017;;0
16/05/2017;;0
17/05/2017;;0
18/05/2017;;113
19/05/2017;;2
20/05/2017;;0
21/05/2017;;0.5
22/05/2017;;0
23/05/2017;;0
24/05/2017;;0
25/05/2017;;0.3
26/05/2017;;0
27/05/2017;;0
28/05/2017;;0
29/05/2017;;0
30/05/2017;;0
31/05/2017;;0
01/06/2017;;0
02/06/2017;;0
03/06/2017;;0
04/06/2017;;0
05/06/2017;;0
06/06/2017;;0
07/06/2017;;0
08/06/2017;;0
09/06/2017;;0
10/06/2017;;0
11/06/2017;;0
12/06/2017;;0
13/06/2017;1;0
14/06/2017;1.05;0
15/06/2017;1.01;0.2
16/06/2017;0.97;0
17/06/2017;0.95;19
18/06/2017;0.98;0
19/06/2017;1.07;0
20/06/2017;1.07;0
21/06/2017;1.04;0
22/06/2017;1.01;3
23/06/2017;1.01;0.2
24/06/2017;1.03;0.1
25/06/2017;0.98;0
26/06/2017;0.97;25
27/06/2017;0.94;4
28/06/2017;0.57;0.2
29/06/2017;0.57;0
30/06/2017;0.58;0
01/07/2017;0.6;0
02/07/2017;0.61;0
03/07/2017;0.62;0
04/07/2017;0.65;0
05/07/2017;0.67;13
06/07/2017;0.62;0
07/07/2017;0.63;26
08/07/2017;0.56;0
09/07/2017;0.59;0
10/07/2017;0.59;0
11/07/2017;0.62;1
12/07/2017;0.63;4
13/07/2017;0.62;0
14/07/2017;0.66;0.3
15/07/2017;0.63;10
16/07/2017;0.69;0
17/07/2017;0.71;0
18/07/2017;0.72;0
19/07/2017;0.71;0
20/07/2017;0.73;0
21/07/2017;0.77;0
22/07/2017;0.79;0
23/07/2017;0.78;0.8
24/07/2017;0.83;0
25/07/2017;0.85;0
26/07/2017;0.84;0
27/07/2017;0.84;0
28/07/2017;0.81;0
29/07/2017;0.84;2
30/07/2017;0.9;0.2
31/07/2017;0.79;3
01/08/2017;0.75;0
02/08/2017;0.79;0
03/08/2017;0.82;0
04/08/2017;0.85;0
05/08/2017;0.87;0
06/08/2017;0.86;0
07/08/2017;0.89;19
08/08/2017;0.81;0
09/08/2017;0.71;0
10/08/2017;0.72;17
11/08/2017;0.7;37
12/08/2017;0.54;0
13/08/2017;0.57;0
14/08/2017;0.57;0
15/08/2017;0.61;0
16/08/2017;0.63;0
17/08/2017;0.63;0
18/08/2017;0.65;0
19/08/2017;0.68;0
20/08/2017;0.75;0
21/08/2017;0.78;0
22/08/2017;0.78;0
23/08/2017;0.79;0
24/08/2017;0.85;0
25/08/2017;0.85;5
26/08/2017;0.88;0
27/08/2017;0.91;0
28/08/2017;0.9;0.2
29/08/2017;0.88;8
30/08/2017;0.94;0
31/08/2017;0.96;0
01/09/2017;0.94;0
02/09/2017;0.94;84
03/09/2017;0.98;5
04/09/2017;0.77;0
05/09/2017;0.77;0
06/09/2017;0.78;0
07/09/2017;0.81;0
08/09/2017;0.83;7
09/09/2017;0.86;7
10/09/2017;0.72;54
11/09/2017;0.59;0
12/09/2017;0.58;0
13/09/2017;0.59;0
14/09/2017;0.6;0.7
15/09/2017;0.7;0
16/09/2017;0.69;0
17/09/2017;0.7;0
18/09/2017;0.73;0
19/09/2017;0.75;0
20/09/2017;0.78;0
21/09/2017;0.84;0
22/09/2017;0.8;0
23/09/2017;0.84;0
24/09/2017;0.87;0
25/09/2017;0.89;0
26/09/2017;0.93;14
27/09/2017;0.85;0
28/09/2017;0.82;0
29/09/2017;0.82;0
30/09/2017;0.81;33
01/10/2017;0.8;1
02/10/2017;0.65;0
03/10/2017;0.67;0
04/10/2017;0.74;0
05/10/2017;0.76;0
06/10/2017;0.86;0
07/10/2017;0.96;0
08/10/2017;0.92;0
09/10/2017;0.92;0
10/10/2017;0.97;0
11/10/2017;1.02;0
12/10/2017;1.06;0
13/10/2017;1.06;0
14/10/2017;1.06;0
15/10/2017;1.09;0
16/10/2017;1.1;0
17/10/2017;1.09;0
18/10/2017;1.12;20
19/10/2017;0.98;2
20/10/2017;0.85;0
21/10/2017;0.87;0
22/10/2017;0.91;0
23/10/2017;0.91;0
24/10/2017;0.92;0
25/10/2017;0.96;0
26/10/2017;0.99;0
27/10/2017;1.05;0
28/10/2017;1.29;0
29/10/2017;1.2;9
30/10/2017;1.16;0
31/10/2017;1.19;0
01/11/2017;1.18;0
02/11/2017;1.17;10
03/11/2017;1.15;0
04/11/2017;1.18;0
05/11/2017;1.21;0
06/11/2017;1.23;2
07/11/2017;1.23;13
08/11/2017;1.22;0
09/11/2017;1.16;0
10/11/2017;1.15;0
11/11/2017;1.16;0
12/11/2017;1.18;0
13/11/2017;1.2;0
14/11/2017;1.23;3
15/11/2017;1.24;10
16/11/2017;1.27;0
17/11/2017;1.27;0
18/11/2017;1.3;0
19/11/2017;1.3;0
20/11/2017;1.34;0
21/11/2017;1.36;0
22/11/2017;1.37;0
23/11/2017;1.37;0
24/11/2017;1.41;0
25/11/2017;1.43;0
26/11/2017;1.44;0
27/11/2017;1.45;0
28/11/2017;1.49;0
29/11/2017;1.5;0
30/11/2017;1.51;0
01/12/2017;1.53;0
02/12/2017;1.56;12
03/12/2017;1.57;0
04/12/2017;1.59;0
05/12/2017;1.61;0
06/12/2017;1.62;7
07/12/2017;1.63;0
08/12/2017;1.65;0
09/12/2017;1.67;0
10/12/2017;1.69;0
11/12/2017;1.72;0
12/12/2017;1.74;0
13/12/2017;1.76;11
14/12/2017;1.77;0
15/12/2017;1.79;0
16/12/2017;1.81;30
17/12/2017;1.81;0
18/12/2017;1.84;0
19/12/2017;1.85;0
20/12/2017;1.86;0
21/12/2017;1.87;0
22/12/2017;1.88;0
23/12/2017;1.9;0
24/12/2017;1.92;0
25/12/2017;1.93;0
26/12/2017;1.95;0
27/12/2017;1.97;0
28/12/2017;1.99;0
29/12/2017;2.01;0
30/12/2017;2.03;0
31/12/2017;2.06;0
01/01/2018;2.08;0
02/01/2018;2.1;0
03/01/2018;2.12;0
04/01/2018;2.15;27
05/01/2018;2.16;2
06/01/2018;2.18;0
07/01/2018;2.2;0
08/01/2018;2.21;0
09/01/2018;2.23;0
10/01/2018;2.25;0
11/01/2018;2.26;30
12/01/2018;2.27;0
13/01/2018;2.28;0
14/01/2018;2.3;0
15/01/2018;2.31;0
16/01/2018;2.33;0
17/01/2018;2.34;0
18/01/2018;2.34;0
19/01/2018;2.35;0
20/01/2018;2.37;0
21/01/2018;2.38;0
22/01/2018;2.39;13
23/01/2018;2.38;0
24/01/2018;2.37;0
25/01/2018;2.37;0
26/01/2018;2.38;0
27/01/2018;2.39;0
28/01/2018;2.4;0
29/01/2018;2.42;0
30/01/2018;2.43;0.6
31/01/2018;2.44;0.2
01/02/2018;2.46;0
02/02/2018;2.47;0
03/02/2018;2.49;0
04/02/2018;2.5;0
05/02/2018;2.52;0
06/02/2018;2.54;0
07/02/2018;2.56;0
08/02/2018;2.57;5
09/02/2018;2.59;0
10/02/2018;2.61;0
11/02/2018;2.63;0
12/02/2018;2.65;0
13/02/2018;2.66;0
14/02/2018;2.68;0
15/02/2018;2.69;0
16/02/2018;2.71;0
17/02/2018;2.73;0
18/02/2018;2.74;12
19/02/2018;2.76;0
20/02/2018;2.78;0
21/02/2018;2.8;0
22/02/2018;2.82;0
23/02/2018;2.84;0
24/02/2018;2.86;0
25/02/2018;2.88;0
26/02/2018;2.9;0
27/02/2018;2.92;0
28/02/2018;2.93;0
01/03/2018;2.95;0
02/03/2018;2.97;0
03/03/2018;2.99;0
04/03/2018;3.01;0
05/03/2018;3.03;0
06/03/2018;3.05;0
07/03/2018;3.07;0
08/03/2018;3.09;0
09/03/2018;3.1;0
10/03/2018;3.12;15
11/03/2018;3.14;0
12/03/2018;3.16;0
13/03/2018;3.17;0
14/03/2018;3.19;7
15/03/2018;3.2;0
16/03/2018;3.22;0
17/03/2018;3.23;0
18/03/2018;3.24;0
19/03/2018;3.26;0
20/03/2018;3.27;0
21/03/2018;3.28;0
22/03/2018;3.29;0
23/03/2018;3.3;0
24/03/2018;3.31;15
25/03/2018;3.32;0
26/03/2018;3.33;0
27/03/2018;3.34;0
28/03/2018;3.35;0
29/03/2018;3.36;0
30/03/2018;3.37;0
31/03/2018;3.38;0
01/04/2018;3.39;0.2
02/04/2018;3.4;0
03/04/2018;3.4;0
04/04/2018;3.41;0
05/04/2018;3.42;0.2
06/04/2018;3.43;10
07/04/2018;3.44;0
08/04/2018;3.44;39
09/04/2018;3.43;0
10/04/2018;3.43;0
11/04/2018;3.44;0.5
12/04/2018;3.45;0
13/04/2018;3.46;0
14/04/2018;3.46;0
15/04/2018;3.46;0
16/04/2018;3.46;0
17/04/2018;3.46;2
18/04/2018;3.47;56
19/04/2018;3.45;0
20/04/2018;3.28;2
21/04/2018;3.23;0
22/04/2018;3.22;0.4
23/04/2018;3.21;0
24/04/2018;3.22;0
25/04/2018;3.22;0
26/04/2018;3.22;4
27/04/2018;3.21;0
28/04/2018;3.22;9
29/04/2018;3.22;0
30/04/2018;3.22;0
01/05/2018;3.23;0
02/05/2018;3.23;0
03/05/2018;3.23;0.2
04/05/2018;3.23;0.1
05/05/2018;3.24;0
06/05/2018;3.24;0
07/05/2018;3.25;0.5
08/05/2018;3.24;4
09/05/2018;3.24;0
10/05/2018;3.24;14
11/05/2018;3.24;0
12/05/2018;3.25;0
13/05/2018;3.25;0
14/05/2018;3.24;0.4
15/05/2018;3.25;0
16/05/2018;3.26;3
17/05/2018;3.25;0
18/05/2018;3.25;0
19/05/2018;3.26;0
20/05/2018;3.26;0
21/05/2018;3.26;0
22/05/2018;3.27;0
23/05/2018;3.27;0
24/05/2018;3.28;0
25/05/2018;3.28;0
26/05/2018;3.28;0
27/05/2018;3.29;0
28/05/2018;3.29;49
29/05/2018;3.1;15
30/05/2018;2.91;0
31/05/2018;2.75;0
01/06/2018;2.7;0
02/06/2018;2.68;0
03/06/2018;2.67;0
04/06/2018;2.67;0.1
05/06/2018;2.66;0
06/06/2018;2.65;0
07/06/2018;2.66;0
08/06/2018;2.66;0
09/06/2018;2.66;0
10/06/2018;2.65;0
11/06/2018;2.66;11
12/06/2018;2.67;35
13/06/2018;2.54;0
14/06/2018;2.42;0
15/06/2018;2.38;0
16/06/2018;2.35;0
17/06/2018;2.33;0
18/06/2018;2.32;0
19/06/2018;2.32;0
20/06/2018;2.32;0.4
21/06/2018;2.31;0
22/06/2018;2.32;0
23/06/2018;2.31;0
24/06/2018;2.33;0
25/06/2018;2.32;0
26/06/2018;2.31;0
27/06/2018;2.31;0
28/06/2018;2.32;0
29/06/2018;2.32;0
30/06/2018;2.32;15
01/07/2018;2.32;13
02/07/2018;2.32;0
03/07/2018;2.33;0
04/07/2018;2.32;0
05/07/2018;2.31;0
06/07/2018;2.31;15
07/07/2018;2.3;0.1
08/07/2018;2.29;0.3
09/07/2018;2.28;0
10/07/2018;2.27;0
11/07/2018;2.25;0
12/07/2018;2.25;0
13/07/2018;2.24;0
14/07/2018;2.23;0
15/07/2018;2.23;0
16/07/2018;2.25;0
17/07/2018;2.24;7
18/07/2018;2.23;6
19/07/2018;2.2;0.2
20/07/2018;2.18;0.2
21/07/2018;2.17;0
22/07/2018;2.16;0
23/07/2018;2.16;0
24/07/2018;2.16;0
25/07/2018;2.15;5
26/07/2018;2.14;0.7
27/07/2018;2.14;2
28/07/2018;2.13;16
29/07/2018;2.11;0
30/07/2018;2.07;0
31/07/2018;2.06;0
01/08/2018;2.05;0
02/08/2018;2.04;0
03/08/2018;2.03;0
04/08/2018;2.02;0
05/08/2018;2.01;0
06/08/2018;2.01;0
07/08/2018;2;14
08/08/2018;2.01;33
09/08/2018;1.93;0
10/08/2018;1.84;0
11/08/2018;1.81;0
12/08/2018;1.78;0
13/08/2018;1.73;7
14/08/2018;1.67;0
15/08/2018;1.57;0
16/08/2018;1.5;0
17/08/2018;1.46;0
18/08/2018;1.41;1
19/08/2018;1.4;0.5
20/08/2018;1.38;0
21/08/2018;1.36;0
22/08/2018;1.35;0
23/08/2018;1.33;0
24/08/2018;1.32;0
25/08/2018;1.34;0
26/08/2018;1.33;0
27/08/2018;1.32;0
28/08/2018;1.33;0
29/08/2018;1.33;0.4
30/08/2018;1.34;0
31/08/2018;1.37;0
01/09/2018;1.39;0
02/09/2018;1.39;0
03/09/2018;1.4;0
04/09/2018;1.41;0
05/09/2018;1.41;0
06/09/2018;1.41;0
07/09/2018;1.43;0
08/09/2018;1.45;0.5
09/09/2018;1.46;1
10/09/2018;1.47;0
11/09/2018;1.47;0
12/09/2018;1.47;0
13/09/2018;1.48;0
14/09/2018;1.49;0
15/09/2018;1.49;17
16/09/2018;1.5;0
17/09/2018;1.48;0
18/09/2018;1.48;28
19/09/2018;1.45;0
20/09/2018;1.39;0
21/09/2018;1.37;0
22/09/2018;1.37;0.5
23/09/2018;1.37;0
24/09/2018;1.4;0
25/09/2018;1.4;0
26/09/2018;1.39;0
27/09/2018;1.4;9
28/09/2018;1.4;142
29/09/2018;1.29;5
30/09/2018;0.67;0.2
01/10/2018;0.65;
